,species,Mean,Variance,total_maxima,total_minima,axis-y/axis-x,area/rounded_length
1,Acer_Opalus,345.92011518181977,33005.63557599312,8,9,0.8778772563176895,66.13787273767312
2,Pterocarya_Stenoptera,520.1245629770382,30717.25477313889,2,3,0.3101973240455722,37.841212556126834
3,Quercus_Hartwissiana,403.5299630353338,25934.650587985256,7,10,0.6156942815236607,49.04055144390166
5,Tilia_Tomentosa,356.34741500861657,30801.12853271175,28,31,0.9059610437339214,63.40959278769877
6,Quercus_Variabilis,473.59903486095504,29612.73746226614,5,5,0.4012124123897807,41.607346202236684
8,Magnolia_Salicifolia,402.4758151660755,27427.451344911977,2,4,0.5142117003669857,64.0303299533278
10,Quercus_Canariensis,475.9270785525097,29030.12205776211,4,5,0.38131658683138525,39.979389595926136
11,Quercus_Rubra,310.2607592584122,23778.443330715043,11,13,0.8103347280334728,26.516863949451086
14,Quercus_Brantii,443.86895754901263,31360.48951854639,4,5,0.38649298324754217,42.00676999276054
15,Salix_Fragilis,563.3356983677193,34230.55381477179,2,3,0.20793125308163693,25.827063515085428
17,Zelkova_Serrata,384.86299114631373,30714.948041129068,7,10,0.4699396243096647,44.12024419231917
18,Betula_Austrosinensis,358.8498565402902,23940.167610788936,6,7,0.5490968090859925,50.09439655405994
20,Quercus_Pontica,443.7867499176313,32188.55538937058,7,8,0.447397903867004,41.165186177998876
21,Quercus_Afares,386.57523966612075,26120.925588212816,9,10,0.5088336801502309,42.40589422622411
22,Quercus_Coccifera,567.9125412759477,56625.926756893066,9,10,1.8115319319690093,97.56685219366008
25,Fagus_Sylvatica,408.0371843880172,31298.713529539404,2,3,0.5871271748135874,64.88083883222978
26,Phildelphus,401.94422472053986,28066.257066479113,2,3,0.45861719948797197,48.63102028893869
27,Acer_Palmatum,277.8195814416443,25619.15577004002,8,9,0.8884326329591609,20.682778164796694
29,Quercus_Pubescens,481.95292020656416,51868.02812255208,14,14,1.6525464064731081,49.84963881627696
30,Populus_Adenopoda,339.16618658838297,20323.981674727012,7,9,0.6261427399235825,55.09074314707344
31,Quercus_Trojana,769.8865058115667,102534.89459953745,16,13,1.9902755196402133,82.62510679596149
32,Quercus_Variabilis,494.6624785943425,30706.103663712973,4,3,0.3374221109173539,42.869073699989784
34,Alnus_Sieboldiana,387.28729463597193,27572.110337190188,10,8,0.5130440947114704,41.194530043571504
35,Quercus_Ilex,766.2790238791841,91179.67839742462,2,2,2.219195220135058,94.0906508587188
37,Arundinaria_Simonii,676.5449583939916,32609.268767173064,1,2,0.09636400334477091,17.138077983735094
38,Acer_Platanoids,325.29053609280584,24267.80844505799,16,15,0.7291845493562232,37.359418802652065
40,Quercus_Phillyraeoides,873.8390475835334,122606.14067542253,3,4,2.3254503243669813,108.48787095705634
42,Cornus_Chinensis,431.46007811161803,33534.59129170055,2,3,0.49579117542985424,58.643729051148085
43,Quercus_Phillyraeoides,983.3057173221179,159340.4967580628,4,3,2.524345900531616,106.3650688476026
45,Fagus_Sylvatica,407.27756627908326,28707.562104159522,4,5,0.6154483459493342,64.98157171988913
48,Liriodendron_Tulipifera,377.65493272168493,34733.51630831467,7,8,0.9494338561080244,76.04409513502178
49,Cytisus_Battandieri,750.7652345272742,101560.4602687309,5,4,2.0957824543171384,102.10846614957764
50,Tilia_Tomentosa,387.7698593773136,31186.619155584212,23,33,0.8731685047008975,64.78044497256761
54,Rhododendron_x_Russellianum,532.1490429002048,27570.728836822476,2,3,0.3036964047027996,36.68505667652272
55,Alnus_Rubra,533.734151894904,53988.84228326337,17,24,1.4507988651635058,87.85624318454649
56,Eucalyptus_Glaucescens,507.60131944149225,56069.45515854192,4,3,0.32370303493298147,28.692535860032937
58,Cercis_Siliquastrum,386.4699482741266,34843.076693183466,11,7,0.8837719075727459,83.14606537941768
60,Cotinus_Coggygria,402.830306376939,30453.254425315958,1,2,0.6884678747940691,76.43104941273408
61,Celtis_Koraiensis,381.0188768604276,26624.99790058143,9,8,0.6000161845378037,51.79252216418216
63,Quercus_Crassifolia,472.58133142304587,33559.92503002014,10,10,0.5190383884824812,46.35342427803259
64,Quercus_Variabilis,500.9504675617388,37804.251832377646,2,3,0.35194576066135697,42.20167945133335
66,Quercus_Hartwissiana,397.4608106808427,28644.914228019887,11,12,0.6348982587052503,55.70813643021785
67,Quercus_Kewensis,485.7736054634607,28691.39626086457,4,5,0.34977519174821475,38.534070266799816
69,Quercus_Coccifera,501.91802678892657,61255.63839214306,6,6,1.6153397491980166,82.75927449373489
71,Cornus_Controversa,373.7093302630241,26615.5228117677,3,4,0.674066924066924,68.71284983047636
72,Quercus_Pyrenaica,368.3169478539896,24788.234835629028,8,10,0.6958513497721163,26.42525111500387
73,Callicarpa_Bodinieri,550.3499218252246,32490.39092919765,2,3,0.3023807470025015,32.82689951453417
75,Quercus_Alnifolia,516.5039178754515,52230.49800781582,17,16,1.5196172248803825,86.92185065149911
76,Quercus_Canariensis,493.31814650341687,31190.119054398325,3,4,0.3050426288505206,38.12904586988125
78,Acer_Saccharinum,284.01542113820415,25784.79193748349,23,24,0.8437174350168053,19.986976509268864
80,Prunus_X_Shmittii,410.9091569785183,31474.984219074075,14,18,0.5691520953502652,40.72922015183466
81,Prunus_Avium,441.0967535357962,28054.544252050928,6,8,0.3757434314537379,30.247197506416512
82,Quercus_Greggii,682.1565271039237,89401.12932488327,6,7,1.9001602564102564,103.9979424419583
83,Quercus_Suber,742.0878862058088,89158.25062037898,6,6,2.1083653846153845,96.52309012009097
84,Quercus_Trojana,838.0204536503169,114958.07675190887,10,8,2.175253517407599,85.72199247351138
85,Liriodendron_Tulipifera,362.284533396037,32853.467431703335,9,7,0.9651087658841266,78.90831980619232
87,Quercus_Coccifera,604.6862263988152,69237.68863169372,8,8,1.8665612795238977,87.96018095736416
88,Cercis_Siliquastrum,374.64641572653255,37484.59508312388,14,12,0.8899603698811097,84.81349277275547
92,Quercus_Suber,685.0090542201738,81826.80190631084,4,4,2.155452985085896,97.39967181308666
100,Celtis_Koraiensis,401.3643768239478,28486.071958202305,8,7,0.5900689452838492,52.566122952089565
101,Quercus_Dolicholepis,688.7770288428479,93063.81557064892,11,11,1.8669640328518833,97.41813623915012
103,Rhododendron_x_Russellianum,499.21980667777717,29701.54587234218,2,3,0.29859948021946287,42.05948285162942
106,Ilex_Cornuta,561.1728450408375,57027.25779476979,3,2,1.658543629733925,98.52525316145427
107,Tilia_Oliveri,413.13986671952307,34592.96749687527,21,16,1.1252651554728335,71.07722790450231
108,Quercus_Semecarpifolia,453.8885273782243,41356.69523046735,19,18,1.3797374287837503,75.17215630122851
109,Quercus_Texana,347.1378810837506,24487.084307380097,8,9,0.6959078433545645,27.499881408218695
115,Celtis_Koraiensis,393.03454430966855,27627.329131102342,10,12,0.6947142857142856,55.35381121772623
116,Ginkgo_Biloba,363.597574560729,25993.773077203066,4,4,0.7223991114402073,56.806340303321385
118,Acer_Palmatum,304.18364657465577,26804.32669056766,7,8,0.9618661077710146,21.21728166122968
120,Quercus_Variabilis,439.1020623118034,29587.049306933335,6,5,0.4369852415643929,45.25431713832678
122,Liriodendron_Tulipifera,373.8134505387331,32768.088887138205,8,8,0.97598345631433,79.73620087333765
124,Liquidambar_Styraciflua,296.23362910734687,29202.801879328217,6,6,0.8234074892911426,32.52656235864071
127,Quercus_Phellos,559.2876723888724,32075.718941048173,2,3,0.23990024937655866,36.26693227760521
129,Quercus_Crassifolia,428.79843913080845,31011.495271164324,11,9,0.49627792083279854,51.514521658916664
130,Quercus_Palustris,301.41441332796353,17793.61245621593,9,9,0.9900396491649645,23.87568028118595
132,Quercus_Phellos,577.3482909547153,29858.616887621094,2,3,0.24519766834624773,32.67048081780569
133,Quercus_Alnifolia,574.7480538178986,65462.35665147852,14,10,1.655920090953386,90.2708437300261
134,Quercus_Afares,394.98296564907514,30485.803101787256,10,10,0.5040792789714236,46.74418816064789
139,Quercus_Canariensis,441.7949926283958,29380.008639142383,8,9,0.4538418734403866,47.72016285596844
140,Alnus_Maximowiczii,421.34670010275045,31338.841414676062,20,24,0.6641378441554805,44.63568489828189
142,Quercus_Agrifolia,592.2093376830838,67648.70228491684,14,10,1.6101950663662712,101.0883490427766
143,Callicarpa_Bodinieri,534.2966071723907,29596.67424223213,2,3,0.30199969156428313,34.12495343269808
145,Prunus_Avium,437.77460319946715,27130.643796815388,5,5,0.37079506652537386,33.401014610068685
146,Acer_Pictum,306.04793178253885,26217.657380885386,6,6,0.7350030950460503,27.701762820704882
148,Acer_Rufinerve,345.0026860374531,24232.257193658137,10,12,0.9384736879890876,55.45840164537178
149,Lithocarpus_Cleistocarpus,476.9654174798899,34996.47774461463,2,3,0.41043539325842693,56.9816692834825
152,Viburnum_x_Rhytidophylloides,394.58428886417335,28989.48248725214,4,5,0.5559652619589978,68.90913884146627
153,Celtis_Koraiensis,403.0837334726602,27912.537040817166,9,9,0.5744243533098469,52.19909696950136
155,Ilex_Aquifolium,411.5404870090149,29953.196114586928,10,10,0.5644155643227353,56.48785172156521
160,Acer_Circinatum,314.3167564173486,27562.55960510008,11,12,0.8581387179772564,34.72140191651372
163,Quercus_Coccinea,284.660668657714,21683.52941381049,10,11,0.8733880198814898,27.379039589888063
164,Acer_Circinatum,322.7345393825947,29447.810044353686,11,14,0.905156175080485,38.039690541096306
165,Quercus_Cerris,474.7882679152288,27219.58116205422,6,7,0.42825213755841207,31.57800155070705
166,Acer_Circinatum,306.07905526805956,25414.535546759274,13,15,0.8979043925721529,32.885745503731286
167,Acer_Saccharinum,320.9268591544389,23913.756738073676,20,19,1.0242505625317557,23.24468649935608
168,Quercus_Chrysolepis,486.90701608386144,28242.136545449965,2,3,0.32552037348550333,42.547426263850255
169,Celtis_Koraiensis,428.1649527547826,30604.798822553315,7,8,0.554797975983687,49.078597686269745
171,Quercus_Semecarpifolia,453.0906548123358,43951.11944274922,17,17,1.2229100402430544,76.4077112781217
173,Eucalyptus_Neglecta,514.857401556054,34434.17645236736,2,3,0.28050364030253,38.88615989367761
175,Betula_Austrosinensis,362.5944655577564,26239.456757172276,6,7,0.5729088825785881,52.62287026803382
178,Ginkgo_Biloba,371.572856010324,27219.75831371779,5,6,0.6773646971201589,56.12964273882356
179,Quercus_Canariensis,483.08746953677405,29385.084750484515,4,6,0.3899965346387521,42.28709720351461
183,Tilia_Platyphyllos,348.2166165775159,25599.799363314978,15,16,0.7721427539372923,62.60731280094146
186,Alnus_Cordata,567.2861217606246,62445.34236561429,10,8,1.4123595339265358,89.31169676245965
188,Populus_Nigra,401.68686771243364,33764.93611684673,14,14,1.1137319192996769,68.9909539132533
189,Quercus_Coccinea,303.12976565779536,25930.26585177726,11,11,0.857059287404115,28.690759507070165
190,Quercus_Variabilis,481.86930222679086,33317.30400240454,2,3,0.36549253485305194,44.903028589461634
194,Quercus_Pyrenaica,437.5263224526456,25406.378875428127,9,10,0.5024043277900221,26.83026708452349
196,Arundinaria_Simonii,678.2774726126307,33098.790784779965,2,3,0.08802066196518758,14.26348166520509
198,Alnus_Cordata,516.5318352949448,54027.92691346918,10,12,1.4597933513027852,91.23396913976352
199,Arundinaria_Simonii,680.4932121920091,31036.49268698643,3,2,0.12767359596840624,20.68128420366745
201,Acer_Capillipes,334.5620927622866,21087.32493174471,8,7,0.5868368941030626,50.08981193555896
202,Quercus_Kewensis,468.2913853379678,27643.84176823716,4,4,0.38710668813112825,40.81163498554287
203,Acer_Palmatum,268.91804348898484,29917.17005888294,8,8,0.8687422348900095,20.48902640397698
204,Quercus_Agrifolia,557.5202338955672,59482.1827323465,13,13,1.5060884881586096,92.12650831620388
206,Quercus_Agrifolia,511.5627884875137,51009.2316007159,17,15,1.4271341227459173,93.24884492949907
211,Tilia_Tomentosa,353.6022051378703,27358.359938486894,21,21,0.8430061129090256,60.04738767566408
212,Liriodendron_Tulipifera,374.08326577815467,34029.740003228086,7,7,0.8847277828917453,71.72057740700136
214,Magnolia_Heptapeta,406.8997920458696,31289.44912570939,2,3,0.5888293545568299,68.59686713380444
215,Quercus_Dolicholepis,810.0310088568233,117815.23711031154,5,5,2.17476532769556,106.83135909442629
216,Acer_Mono,305.0021191419102,22939.79104963224,10,7,0.729957805907173,30.036038494730114
217,Cornus_Macrophylla,396.77005712888354,31420.167286526485,4,5,0.5283764147274923,60.062707576038406
218,Crataegus_Monogyna,434.34582459002655,44260.76349406267,20,19,1.4368182938495535,37.922468598852944
219,Liquidambar_Styraciflua,298.30445170065803,24522.37346736237,6,6,0.7279659473166324,32.3208959032606
224,Cotinus_Coggygria,406.4562907611495,29571.371996497794,5,7,0.6694155762191274,69.57400998852006
225,Quercus_x_Turneri,503.42598475185395,33010.0818284176,8,8,0.36043199555587024,35.48028192140325
227,Acer_Capillipes,341.6782249422523,21989.255753236408,8,12,0.6366935169468653,54.400791615215795
228,Quercus_Castaneifolia,501.02953002400903,31862.33984934838,2,4,0.361769861848724,48.04997843834026
231,Ilex_Cornuta,584.2957389627712,64525.98662505416,2,2,1.824747100912904,96.95183608418681
233,Lithocarpus_Edulis,456.36037147085705,33973.409032534764,2,3,0.34396142733142293,40.076588553310145
235,Acer_Circinatum,330.3277141574357,29275.097205192862,10,11,0.927097300907944,36.01331597334882
237,Populus_Grandidentata,401.9480334958211,30157.66884156667,17,15,1.17595396729255,70.99118316184789
238,Acer_Rubrum,334.3746036345696,27070.976663538422,10,11,0.9438769816222545,50.898612474720665
239,Tilia_Platyphyllos,348.4316292704449,26542.134315634263,11,13,0.8090895923311914,63.44392110846864
240,Quercus_Cerris,422.09475128171607,25624.734715727758,6,7,0.5014999646026052,28.62012137345734
241,Lithocarpus_Edulis,416.2552013497235,29651.95733347443,2,3,0.4112206451612903,47.071599007303426
242,Cercis_Siliquastrum,396.9803456974047,39785.596202700144,16,10,0.9524222077828315,90.48371581723399
243,Quercus_Agrifolia,595.268171840267,66151.68022141422,13,11,1.6751144624177383,96.15463279671822
245,Quercus_Pubescens,428.70192492045214,42831.82531875472,10,10,1.5151659444788341,50.29487084965945
246,Quercus_Suber,725.6130996052758,104860.68387661908,5,4,2.0582983208960792,85.42665553198296
247,Quercus_Pontica,394.2009811406416,25693.86886114963,11,12,0.5369464410110427,46.53407318107381
248,Ilex_Aquifolium,414.8851538540332,28789.411001650096,8,9,0.5400303637143861,53.60447526856188
249,Celtis_Koraiensis,421.33841091644723,31361.175056116044,13,10,0.6205815279361458,51.47765238847125
252,Lithocarpus_Cleistocarpus,466.35606921611,33957.775187056344,2,3,0.4106672244300355,55.27731056214045
253,Acer_Saccharinum,279.847672657185,22382.937663485103,18,21,0.9640905285869927,21.756013475510418
256,Magnolia_Salicifolia,401.101929286689,27879.510242426208,2,3,0.5079142471056572,57.15559962470529
257,Quercus_Crassifolia,404.87285978635805,31890.38905158626,9,8,0.5281382223962914,50.8588727626711
258,Fagus_Sylvatica,377.93036365974325,26458.119049864985,5,5,0.6438587475222083,66.39341310432634
259,Quercus_Trojana,881.869721266967,111657.0995872663,16,15,2.2302763694206593,82.6941356003923
260,Quercus_Afares,403.78425997361114,28390.78550194684,11,10,0.5301698886936145,44.521473261430366
262,Quercus_Palustris,287.51858384951265,26050.824639475606,10,11,0.89286822888838,21.4370236818437
263,Quercus_Imbricaria,487.412844833643,30285.126932075153,2,3,0.3637454173781589,48.78086555355566
265,Eucalyptus_Urnigera,401.4675775262186,25111.18524232143,2,3,0.46155204420868207,51.05868165949153
267,Quercus_Ilex,892.7093478880819,126896.20453065942,3,4,2.375787689955117,97.39583784701276
268,Acer_Circinatum,317.28679127582853,27376.469901152577,13,10,0.8836954136493308,34.625574210451774
269,Phildelphus,419.9843705419684,30534.601213842554,2,4,0.4528277654076138,50.47748634401964
270,Quercus_Crassipes,1573.1069587007148,325451.7875357732,3,6,3.836692015209125,129.4969240855275
273,Cornus_Controversa,382.0247925451814,27953.639984271595,3,4,0.6902401073923788,70.28163853965843
275,Quercus_Hartwissiana,424.71568537358456,29854.962798747314,10,10,0.5890048561281438,48.294100700833965
278,Quercus_Variabilis,487.90419724130794,32892.41749337947,5,5,0.36387537058790625,41.8825819137179
280,Quercus_x_Turneri,483.2163989023476,28647.76592557191,6,6,0.4610994026757333,44.5372363509192
282,Populus_Nigra,434.90199990387526,38285.20803070213,13,14,1.193661841643096,77.73887510300317
283,Quercus_Chrysolepis,433.639282734664,28986.83663196152,2,3,0.3763781038996586,46.77721926144954
286,Betula_Austrosinensis,357.875608468673,25227.071773063857,5,9,0.5364559201381577,46.93224427711834
288,Acer_Mono,371.5990447331619,30279.151846345325,11,8,0.7509939691757873,32.10463304724997
289,Eucalyptus_Glaucescens,511.91783520612637,54784.004199014,1,2,0.30858097292783077,29.848335823455677
290,Alnus_Rubra,471.1846645513036,43792.826807095626,24,30,1.3267755174875089,77.92490390634242
291,Viburnum_Tinus,905.4113676958708,128989.00730340669,4,2,2.1813848430563128,105.94197920524661
294,Populus_Adenopoda,344.6675744767463,24318.089137604795,7,8,0.7033333333333334,60.12765564168192
298,Quercus_Pyrenaica,434.6094638411739,25714.50595209586,9,10,0.5384203435449693,32.34969292534304
302,Eucalyptus_Neglecta,546.9971587267393,35462.5785160203,2,3,0.2829527582310557,45.18153084296397
303,Quercus_Pubescens,431.68642555180014,45731.59474852428,16,16,1.475632270248253,51.86522929046421
304,Morus_Nigra,352.71758720875977,28641.357473285076,20,24,0.7684674858350788,63.5128791018946
306,Quercus_x_Turneri,512.4306531873829,28576.89702885289,4,4,0.365365896778593,41.27308991320894
307,Quercus_Imbricaria,497.60097630962537,30977.1272165234,2,3,0.3550957078198233,48.04887967337561
309,Quercus_Crassipes,1182.273379953941,200037.1492414252,4,3,3.2476832716989334,116.92238888759822
310,Eucalyptus_Urnigera,401.907638710304,24173.92433968813,4,5,0.44029722038575414,48.365008919983026
311,Acer_Pictum,265.79311356575687,20827.566981979995,6,6,0.827604526521675,31.651692425870806
314,Alnus_Rubra,658.3753896979692,79282.91842307392,18,22,1.6902788244159759,85.60565124703967
315,Quercus_Dolicholepis,754.914142958664,114901.85244863373,8,7,2.1264580011747922,96.47523810205196
317,Acer_Opalus,355.6366512983245,29753.91294669264,10,9,0.9902618417181525,71.3927605662794
319,Quercus_Trojana,643.6032107176876,74152.80444343899,18,13,1.7635161606268361,76.35505321887726
321,Quercus_Suber,721.5668091732772,91726.3810276143,5,5,2.1822766878024216,94.91111550679719
322,Acer_Platanoids,327.55864189458833,29860.3599540283,12,12,0.7676641935965742,40.50266438267423
323,Quercus_Vulcanica,289.4268745813045,20185.202335909373,13,14,0.7083884892086332,33.348699322854884
324,Acer_Palmatum,276.11306927950415,29080.8124368252,8,8,0.8640116019634092,21.858377593019267
325,Lithocarpus_Cleistocarpus,487.9747578233179,32280.62613366476,2,3,0.3700242194016502,52.32875878289184
326,Quercus_Chrysolepis,478.55400416845356,34498.46498888638,3,3,0.38225861735519395,53.93316977283649
327,Quercus_Variabilis,451.69191536751856,32315.397657691046,4,4,0.42447456300403896,47.94225860332089
328,Magnolia_Heptapeta,440.2696577732289,33067.40939166742,6,5,0.5895133314306615,65.14513259246468
329,Quercus_Palustris,307.18769454612044,22389.62616331866,11,12,0.9893466782197442,21.89101168022575
330,Quercus_Crassipes,1276.0352168210666,232827.52050382146,4,5,3.1853551285727932,108.58732066956603
331,Acer_Platanoids,357.4817767987463,32990.6596617447,16,14,0.8324801543141183,37.41806781558679
333,Quercus_Pyrenaica,442.43434328936013,24452.503318163952,10,10,0.5403918807931479,26.002385952768126
334,Alnus_Viridis,433.3178575614404,39016.86177596155,35,32,1.2835670424342405,59.83881998503692
335,Fagus_Sylvatica,401.8829051044693,31123.33270180838,5,7,0.6360902255639098,65.18545599769797
336,Zelkova_Serrata,393.36398400320024,26936.71378340906,4,10,0.45690795352993746,43.76118069363599
338,Magnolia_Salicifolia,442.55042294509764,30053.14189686777,2,3,0.4578576140209398,56.03546635236742
339,Betula_Pendula,423.8053213292265,34881.8609289141,19,20,1.4388843985357598,60.8221141447464
340,Quercus_Agrifolia,439.1650664405644,47886.30422883535,11,11,1.2218998544110191,90.07543419137353
341,Betula_Austrosinensis,355.0448918494118,24347.231446135615,6,7,0.49970804569555755,44.058256704323696
342,Olea_Europaea,1399.1242012219695,276490.3299569845,2,4,3.6645607107601177,120.98000194674945
344,Quercus_Ellipsoidalis,312.2219673978155,24483.773887741972,12,11,0.9654733728056094,24.029547107790375
345,Quercus_x_Hispanica,458.4949731626566,26331.403278885242,5,4,0.3930325749741469,39.851050308087466
348,Lithocarpus_Cleistocarpus,491.8176704191464,35742.9599333139,2,3,0.37971996323409335,56.59106007066359
349,Quercus_Kewensis,469.5291357440118,23747.706676893435,2,3,0.38282974196197583,36.94671220897931
350,Quercus_x_Hispanica,471.4643303184092,27464.849771496076,7,7,0.38185108583247157,39.086785064495544
354,Quercus_Palustris,276.73925647647,22399.10909003835,9,10,0.9003782661188384,19.423449736129786
355,Quercus_Shumardii,292.9327901338961,22395.3147571557,12,12,0.837754341110046,26.89385760578264
356,Quercus_Rubra,321.4487050925697,27224.548167253062,14,13,0.8175236406619385,29.530034354054525
357,Alnus_Viridis,417.85565846362186,43796.595328138814,28,24,1.2025641025641023,65.35382846074297
358,Liquidambar_Styraciflua,293.084937039398,28588.19964203042,6,6,0.7813600383109383,32.5279934770203
360,Cotinus_Coggygria,428.57842215099686,31999.83515347694,3,3,0.6579790186895933,68.64692452193813
362,Acer_Pictum,272.2625937662329,23688.115304053725,6,6,0.8077232048816658,28.16850455147748
363,Magnolia_Heptapeta,399.6947130628438,27075.811960259733,2,3,0.5574140574581166,63.31146456328416
364,Acer_Rufinerve,422.9600020307006,32482.68592402621,19,25,1.13389349628983,59.10827978808776
365,Acer_Saccharinum,301.126343578595,26551.501073661082,20,20,0.9607556011129009,20.06472124237293
366,Crataegus_Monogyna,328.6623272676825,23302.33199931616,14,12,1.0216931379162324,48.33358266118048
367,Populus_Adenopoda,329.6997913045318,22188.69491781254,8,9,0.6723026117031804,54.94214219563807
369,Quercus_Crassifolia,412.9749533968669,30727.071506538214,8,4,0.5229008989802082,55.33704846404631
371,Alnus_Sieboldiana,405.71474238043453,30626.173121328145,12,8,0.4788913276134158,39.503564033800664
374,Alnus_Viridis,399.7512437094318,35346.12726703395,33,28,1.216569284119519,63.69250118486543
375,Quercus_Rhysophylla,504.2395452723577,34700.905085850085,3,4,0.3356782491295388,46.611082899890356
376,Alnus_Sieboldiana,425.68059945107535,28763.834248358613,7,4,0.46133956610908156,37.153194750528684
377,Quercus_Shumardii,342.581277906383,26424.857819948367,17,19,1.133472757157226,22.298305892143066
379,Quercus_x_Turneri,533.5694798300501,29645.754664686938,3,4,0.3405693950177936,36.369240480383034
380,Callicarpa_Bodinieri,542.2155580804132,29474.221170285105,2,3,0.2982692672803883,34.85294019273798
382,Quercus_Crassifolia,440.7200006450288,34014.80903918996,9,6,0.5149230860914934,58.028685104857345
383,Quercus_Rubra,342.6632075016123,27855.966782651492,12,13,0.6840523672431548,27.387448719076097
386,Tilia_Oliveri,417.30404203546743,39191.6292759816,17,13,1.044880455853845,71.97490790177494
387,Quercus_Agrifolia,595.4933346114738,67617.3604891375,12,11,1.5934688178715481,88.56044649258074
388,Populus_Grandidentata,416.52516648108644,34615.134939248725,17,15,1.204299154459926,73.94458772049687
389,Quercus_Rubra,366.1125572005174,30027.024785164132,13,13,0.7180801848906246,27.166737667341973
390,Morus_Nigra,336.5408170515531,26280.25682581184,25,26,0.8556739525322468,58.28740388794518
392,Quercus_Agrifolia,587.4961673972766,66179.78063512489,12,12,1.5957013719191968,95.25106641980445
393,Eucalyptus_Urnigera,432.4373658587078,31783.487221374267,2,3,0.43976873536299765,50.99302440499581
394,Alnus_Viridis,445.53924968443596,40057.77967230253,33,32,1.3408162669325536,63.73487215638105
396,Liquidambar_Styraciflua,315.93380639709443,25150.635746967982,6,6,0.8598916288842199,37.77286613772667
397,Populus_Nigra,440.0208302863501,37910.889096078725,13,13,1.2740221569070769,73.75274838255886
398,Cercis_Siliquastrum,395.2773273852993,39891.18952175561,15,13,0.8883248730964467,87.42000186842145
404,Acer_Rufinerve,403.93230732182025,29871.960779999863,17,18,1.1061061061061062,60.79269134325873
408,Acer_Platanoids,315.810161749374,26607.937478166008,12,12,0.7626131499543891,38.63653273029623
409,Tilia_Oliveri,418.3613967214263,36676.076443056125,17,15,1.0735141748940717,74.50916587540048
410,Lithocarpus_Edulis,426.57644968938365,30804.10546143267,2,3,0.377077146684146,46.759655800743936
411,Magnolia_Salicifolia,451.1137623506127,27507.446921673385,2,3,0.4534241190615763,54.46454271208015
412,Arundinaria_Simonii,661.1965965125551,30822.952714261803,1,2,0.125451344309737,20.875360045092496
413,Ginkgo_Biloba,381.9110922240131,28363.65274264395,8,7,0.7206641689804657,52.621973903896034
415,Betula_Pendula,432.8322031208211,39902.718249835816,20,20,1.3882184150561228,60.27153094561468
416,Tilia_Platyphyllos,353.562764742106,26485.451237404686,16,18,0.7810804946843133,57.91834381705538
417,Quercus_Palustris,291.0406808034938,19608.754337931452,11,11,0.9347737378285585,23.114301181753337
418,Tilia_Oliveri,433.4885319248349,39670.26201429634,17,17,1.1095610702683394,74.01804516632475
419,Cytisus_Battandieri,764.5551012086368,106775.2621670223,5,4,2.1219865593994505,94.7276108876994
420,Quercus_Rubra,327.7934957670794,24821.78047330861,10,11,0.6947700222822051,24.96552226928974
423,Arundinaria_Simonii,690.5416859100659,28938.756733474413,2,3,0.15301178682478847,21.191604614880116
425,Castanea_Sativa,486.04987346198243,28650.25536731873,18,18,0.3796699122988744,27.60347539079294
426,Quercus_Crassifolia,403.5443424986715,32913.808566724074,4,4,0.5802140936532899,68.2259540106679
427,Cercis_Siliquastrum,395.35995012550194,38524.69539923866,15,13,0.9697934921612277,86.92806865154992
428,Lithocarpus_Edulis,411.24935036256056,28553.218770777243,2,3,0.411977306412032,46.636870352042536
430,Liriodendron_Tulipifera,366.9432599608545,33510.487947376336,8,7,0.9118596479882736,74.24838047023023
431,Pterocarya_Stenoptera,540.9115910894952,34874.58856705054,2,2,0.2540178405327976,35.18716326840956
433,Quercus_Pontica,397.70832101259253,26850.16051821049,16,13,0.5753802886552158,49.44251232680206
435,Quercus_Imbricaria,500.1183533628092,32991.380022021905,2,3,0.33137450410505553,45.28321877047236
436,Ulmus_Bergmanniana,403.8863608287071,29037.433522272648,3,4,0.5188521678165581,46.20157852140851
437,Fagus_Sylvatica,399.2325832100521,28779.565962307097,7,7,0.6554660529344074,66.21533978883933
438,Quercus_Texana,360.1332622791771,26172.659053990043,9,10,0.6708188543885215,28.320828286268203
440,Populus_Grandidentata,383.1285893001464,28524.155340265777,15,15,1.1541048811327301,67.14673393142549
443,Betula_Austrosinensis,461.7265981316017,32178.80089845619,6,5,0.5356197822897378,47.248646057596844
444,Quercus_Trojana,716.3277017806776,88646.13626036026,12,11,1.942954696868754,82.14400264046054
445,Quercus_Ellipsoidalis,325.7431486458959,43046.55046480344,11,11,0.9196755508507815,32.30113153381229
446,Quercus_Shumardii,298.25046901017765,24772.722602077294,15,13,0.8502006345651363,23.311923305810446
449,Olea_Europaea,1175.3123691500089,183355.31419886145,5,4,3.234046692607004,93.34703506151347
450,Cornus_Chinensis,423.1631342047821,28347.146313957146,2,3,0.44671857935123327,49.048393879190726
451,Quercus_Pontica,456.7855282454217,31379.71755732484,4,3,0.4789915966386555,51.42664289959681
452,Quercus_Brantii,391.6403376523903,26166.59012759288,11,12,0.48093045197078016,39.34706119929348
454,Arundinaria_Simonii,686.5041469062043,32990.283950196696,1,2,0.11182450605858915,18.62090954926033
455,Populus_Adenopoda,323.0610405990842,19479.43404728555,8,10,0.6471803956303512,53.03641082010446
456,Prunus_Avium,480.89631688280787,31313.89634733335,4,4,0.35142082467692526,34.942779699536764
458,Quercus_Chrysolepis,468.8381266957768,34082.426120193675,2,3,0.3818247126436782,50.117912784287306
459,Tilia_Tomentosa,376.90175179337433,31560.89179514858,20,25,0.8663625268785959,64.06756104232196
460,Quercus_Pyrenaica,414.35674978367985,29048.235566715524,10,9,0.5882848123465451,30.38282582257113
461,Betula_Pendula,408.84901232425847,31582.645351555857,20,17,1.3511688750105493,62.42659284312912
462,Ginkgo_Biloba,406.55496654785304,30682.600139598762,6,8,0.6345001880604697,57.13263403628743
463,Cornus_Macrophylla,412.16169865718314,29163.473558627295,2,3,0.5093323967944829,52.01562801279789
464,Arundinaria_Simonii,694.5730866418269,31571.585779434612,2,3,0.13267324740141476,20.859088021364112
466,Tilia_Platyphyllos,357.6915836265998,27211.98408804793,13,15,0.8395345192727489,68.05752144667522
467,Cornus_Macrophylla,414.6644610320073,27239.07583644803,2,3,0.4686566739668364,53.89780632698533
468,Quercus_Shumardii,317.3668424788744,25181.588011066546,14,13,0.7562925350511557,26.34647996550594
469,Quercus_Coccinea,318.60095725198335,30037.945028241258,11,11,0.9328253440472892,28.810070232185875
470,Populus_Nigra,513.7894949947766,51186.661965792046,13,14,1.4385964912280702,74.92018647500345
475,Alnus_Rubra,548.9729085942796,56717.982530805515,14,19,1.4953825960157732,88.87859421624547
478,Quercus_Agrifolia,690.8084652899812,85329.92027966493,15,11,1.7939979298827144,97.65442182686301
481,Quercus_Rhysophylla,574.1974670008952,37582.3992629443,2,3,0.2786992624388132,38.64297814482034
482,Quercus_Semecarpifolia,401.5076184300769,36948.54290186273,11,11,1.120846061127816,79.42355652713272
485,Quercus_Nigra,449.50872780716514,24832.23040051971,3,3,0.33395973024949827,25.043502031589867
487,Quercus_Kewensis,449.70909503817,29801.808568534827,6,6,0.4326784229641623,43.8716379037943
488,Betula_Austrosinensis,351.9007924322767,23470.129766708786,5,6,0.5068217625699045,46.56146766601851
489,Acer_Mono,298.8937916011267,19960.189472940696,3,4,0.7436012910005254,45.00696455759434
490,Quercus_Ellipsoidalis,264.20793764812834,23094.162990879824,9,10,0.7704508126394235,23.562432219439987
491,Quercus_Trojana,756.3781765097984,103479.4270869398,13,10,1.9267216331133525,89.77238789393006
492,Quercus_Castaneifolia,495.80580683793187,30967.60953831507,4,4,0.40457170928111635,49.15308305368351
493,Alnus_Rubra,527.2158763375141,55481.62429319691,18,26,1.452014491049015,82.15791942471222
494,Quercus_Brantii,415.9484548681361,30451.31201865049,8,9,0.4507605235231694,44.18446402620061
496,Acer_Circinatum,342.88394943960765,32470.395804785323,11,13,0.9411859864816391,36.18608380878812
497,Quercus_Imbricaria,500.11976477562166,32843.56856222149,2,3,0.3922105561861521,48.23235446180846
498,Acer_Capillipes,334.6073614807949,21759.828742596626,11,16,0.6655524877731513,50.22078210650445
499,Acer_Mono,297.0488735897114,23126.9635899395,10,10,0.835648321946092,35.945896062475704
501,Liriodendron_Tulipifera,384.2510286571107,34363.858752984335,9,8,1.0068858340437625,84.86894680577426
502,Olea_Europaea,1279.9596429907108,292977.118274372,2,2,3.236084097434472,95.29572825951495
505,Alnus_Cordata,532.8027264401919,55415.75110393961,11,8,1.3477348931330406,89.59944786516391
506,Acer_Saccharinum,309.33190793942504,25302.74335252651,19,19,1.010308148681543,24.44855812420167
508,Quercus_Alnifolia,550.6002797521418,69795.21407221787,9,8,1.4994833287407,95.68974317536208
510,Quercus_Coccinea,301.13723771602696,26374.115428852525,11,11,0.8567568438852695,28.070906109280056
511,Acer_Platanoids,337.6115171091857,27069.165980885973,9,10,0.7000219747175094,43.4624759909795
513,Cornus_Chinensis,439.5263921155417,30473.92430464948,3,3,0.4758837179505431,53.88329416470877
514,Quercus_x_Hispanica,486.17944575030236,29439.334433041993,4,5,0.3727124583591711,35.898474056057495
516,Fagus_Sylvatica,385.3619948493974,28371.678862594494,8,8,0.6594171378860375,70.72087262030448
517,Quercus_Agrifolia,513.267256491609,50460.72416799214,14,13,1.4191587511507484,84.04155686092099
519,Lithocarpus_Cleistocarpus,446.596745955918,29367.273960402923,2,3,0.4237342824519107,58.546047878839964
520,Phildelphus,378.33067862495864,26101.12340699477,2,3,0.5192359474227103,55.487032204567974
521,Quercus_Pubescens,579.3278230837469,69686.7824494385,21,19,1.788202954793028,50.9320046833097
522,Salix_Intergra,542.040652863117,35211.96915085487,2,3,0.343424543132246,46.640651769017076
523,Cornus_Macrophylla,423.6516054102536,29781.68812466483,2,3,0.4970238095238096,52.279673158531125
524,Quercus_x_Hispanica,448.6332156254009,28534.178478379916,8,8,0.40648966045442936,38.67459941517549
528,Viburnum_Tinus,810.549658689462,104772.18419082317,2,3,2.1054823379550243,103.84741056696518
530,Populus_Grandidentata,356.2381414947399,25821.18742854322,14,13,1.1001558846453623,68.4594117526566
532,Ginkgo_Biloba,377.4726464974258,26722.909125699836,6,9,0.7279900375684132,52.47497320652164
535,Zelkova_Serrata,383.8453317076931,28894.548505732135,4,9,0.4232618343195267,41.74892017296666
538,Liriodendron_Tulipifera,421.0874317278212,42633.951584665185,10,9,1.0898628969240605,94.58439029918165
539,Quercus_Ilex,937.3614150767947,136234.92785820746,2,4,2.514376273488793,107.85359710250522
542,Prunus_X_Shmittii,404.64371117049325,27737.825554057643,4,8,0.4306923522595597,38.25766171673214
543,Quercus_Phillyraeoides,994.0323344694306,155495.31241721052,3,3,2.556375404530744,112.4328465372898
545,Quercus_Phillyraeoides,991.6482133882755,160759.4155738019,4,4,2.485687369625193,106.14426682572964
547,Quercus_Semecarpifolia,381.0656513928986,33284.021976641336,12,11,1.2100870827285921,73.19374635006577
548,Quercus_Cerris,478.5912087628612,19770.882715179978,6,6,0.36598515706357687,23.849048727933486
550,Morus_Nigra,336.9831723031548,24887.421084100217,18,20,0.746241526487572,61.79928190431544
551,Cercis_Siliquastrum,373.3665285240468,38313.06500454401,13,11,0.873958790004384,79.99098009445413
552,Cotinus_Coggygria,394.4086213107882,28368.94325979541,8,7,0.7248059326410891,71.3235583036815
553,Cytisus_Battandieri,858.0758540340724,131428.90547810862,2,2,2.4230901287553652,105.2265004034594
556,Viburnum_x_Rhytidophylloides,415.5639709014061,30585.649886607807,3,5,0.5388215603012738,59.68780356663574
558,Callicarpa_Bodinieri,483.1613363151613,35835.58105050352,2,3,0.40806783772394156,45.09603670905036
559,Populus_Adenopoda,333.72617749691295,19574.24788636725,9,7,0.658438333471652,55.24506558047282
561,Populus_Grandidentata,379.40440257112084,28420.173735041004,18,17,1.1330809419247367,68.5774058695924
562,Magnolia_Salicifolia,415.22983179614556,26104.706897431923,3,3,0.4830633935833864,58.81639340933625
563,Quercus_Shumardii,281.3615099310105,24055.43566200418,14,14,0.8770719767457468,22.936292229615407
564,Quercus_Ellipsoidalis,277.6698830198608,27176.600849765975,14,14,0.9133230345288296,21.451195472342388
566,Celtis_Koraiensis,386.59543984397993,28246.629800467304,9,9,0.579177502613765,52.29431387408541
568,Liquidambar_Styraciflua,285.43380761009774,23576.18806978326,6,6,0.7867337384567369,30.630849755072248
569,Acer_Capillipes,350.0585716698103,23623.121305712943,8,11,0.6097676620055137,50.846761479896195
570,Acer_Rufinerve,387.6673765080314,27268.80008309445,12,16,0.981294309867159,61.79016992746019
571,Cytisus_Battandieri,792.2835159585488,109189.69923209772,5,4,2.216118390909924,97.45800148563734
572,Cotinus_Coggygria,420.76635119135517,32316.506334115096,3,4,0.6318896237820923,67.00338176148614
573,Liquidambar_Styraciflua,293.72644807565234,28097.325248457706,6,6,0.8606069052015468,35.06428841129447
576,Quercus_Coccinea,303.3296136073903,24529.520030985004,10,9,0.8593552568693819,31.994266878776926
581,Quercus_Crassipes,1350.2366445778687,261963.22664723964,3,4,3.4088641033167,123.34168450186037
582,Cercis_Siliquastrum,372.03940545782217,35336.216567232244,8,9,0.8406801926726026,79.98876967194016
585,Lithocarpus_Cleistocarpus,494.76241507424174,35145.550710658456,2,3,0.40143167941609936,55.60350562949039
588,Eucalyptus_Neglecta,490.7398812018767,35640.77646000853,3,3,0.41592858147054695,57.87775780267484
589,Acer_Platanoids,315.82918318875915,25554.76178163888,9,9,0.7260462426848387,38.385768520712205
592,Castanea_Sativa,444.6798427156266,29512.61966657458,14,16,0.45385674672569415,38.55804759949199
593,Quercus_Rubra,335.98268909597147,26493.864932386226,18,17,0.7689884664970905,29.44385824544837
595,Quercus_Afares,410.1691440394367,30505.413026071124,10,11,0.5930803206281694,48.29992663049334
596,Quercus_Canariensis,476.73719836333476,30482.523754029517,6,8,0.37421019195510413,42.3868178424764
597,Lithocarpus_Cleistocarpus,456.19736212134603,29784.48094342379,2,3,0.43108940327033335,54.35312007169592
598,Tilia_Platyphyllos,383.12735949406556,33472.23743531247,15,15,0.8728765249116406,72.28412345186055
600,Ilex_Aquifolium,445.40545313761066,32804.55226519034,7,3,0.5093515928353722,56.09584473707189
601,Populus_Nigra,419.3583323647396,33515.05501640016,13,15,1.2716746839691242,71.72984583124358
603,Quercus_Semecarpifolia,406.58951075119876,36848.71368502443,12,12,1.2485753776764712,75.83601999003044
605,Quercus_Coccinea,312.9312938681701,21259.875126424904,6,8,0.7336244524986052,29.97816513187317
606,Eucalyptus_Neglecta,459.4531922737486,31648.925420228352,2,3,0.3925215249535189,56.185384993019674
609,Phildelphus,413.71139054115986,29465.435410236816,2,3,0.45052263802263803,46.38555944446264
610,Acer_Capillipes,378.3262582909334,29323.544876378328,5,10,0.5352523899625118,51.49236708191106
614,Cornus_Controversa,400.2561709454636,27821.24171853952,3,5,0.6004664310954064,63.99311285855149
615,Betula_Pendula,410.4010349722366,36032.54239399086,17,17,1.3445813623329907,57.17898689803289
616,Lithocarpus_Edulis,410.9901290288819,28395.70199644103,2,3,0.41097925328541873,47.55853690622936
618,Quercus_Ilex,1066.596810449168,165678.90174413647,3,3,2.612034837688044,99.17793459292412
619,Lithocarpus_Edulis,422.7321267548022,36460.928078972014,3,3,0.42758620689655175,46.606658254876706
620,Salix_Fragilis,522.2669170846244,27069.776808960407,2,3,0.20111502347417842,21.2890337353257
621,Betula_Pendula,466.93398527846443,40912.81170257781,17,16,1.456892961266139,61.49781062296649
622,Cotinus_Coggygria,432.07417177626195,34673.06116509491,4,4,0.6157986643259862,67.20959735985353
623,Fagus_Sylvatica,411.2385866563948,27843.353787723245,5,6,0.5883327331652863,60.89111255710514
628,Quercus_Hartwissiana,437.73146639856725,32057.561668283648,11,13,0.5448842742807702,51.7167180548699
629,Alnus_Cordata,522.9218287728207,57390.2609386343,11,9,1.2964225123552404,85.6041580780069
630,Crataegus_Monogyna,333.670588950619,25854.99491031707,13,15,1.1037944850341739,48.1321507077341
631,Quercus_x_Hispanica,471.32990653589997,30156.12023234993,5,5,0.3914562023978985,38.85521556727158
632,Quercus_Coccifera,600.61439986525,70402.03444261776,7,8,1.920413957322099,92.97341331895188
633,Olea_Europaea,748.4010646612702,123891.0024560499,4,4,2.8308594895863886,73.69232967823918
634,Populus_Nigra,458.4083059548694,42624.13446030472,11,12,1.2391823878341002,75.42711704441402
635,Cornus_Macrophylla,470.588042083389,34048.85605374954,2,3,0.38121070067518925,43.2880835565368
636,Ulmus_Bergmanniana,422.40100485359613,31497.06977438399,3,5,0.46831885398176804,43.84906682315882
637,Tilia_Platyphyllos,355.4238946888327,26530.071984561222,10,14,0.730683090705487,67.14993922317413
641,Acer_Rufinerve,401.85735571834414,27195.971340369055,11,18,1.0843677494199535,61.86129251677169
642,Quercus_Brantii,389.66512678924227,27089.163445005302,10,10,0.5162135772650188,40.82422362092412
645,Ginkgo_Biloba,361.8608731248593,26048.47590913706,7,6,0.7131572017905731,53.72413636122318
646,Alnus_Viridis,402.9245093856337,35371.82392845743,39,33,1.208990350670746,64.12760917936843
647,Alnus_Cordata,542.2121406270466,55678.12294706702,14,14,1.4130434782608694,86.43104827320545
649,Tilia_Tomentosa,371.23584730568575,30826.987722869504,21,25,0.9199667281472642,67.59922415156255
651,Acer_Rufinerve,421.8230321072157,30906.684174494232,16,22,1.1177286519289118,58.526389483796414
652,Acer_Rufinerve,368.4262431141827,25601.085173408155,10,11,1.0033636053956725,56.0390189941131
654,Quercus_Greggii,676.981497793595,86725.4330872365,10,11,1.8456535532994924,97.80211871562346
656,Populus_Adenopoda,343.60652565870686,25374.16557645811,7,8,0.6987320639580905,58.28029830568647
657,Quercus_Pontica,388.92848043258374,27091.628950492493,14,10,0.5749163848555261,46.18863897009041
660,Eucalyptus_Urnigera,413.3195001135901,28087.09738144338,2,3,0.4904292343387471,57.10623504284766
661,Viburnum_x_Rhytidophylloides,451.6570900285423,33065.62640050385,3,5,0.5088620782586257,62.25296489853305
662,Cornus_Chinensis,458.668922107309,35352.71353642718,2,3,0.43687505412104743,51.70872787283106
663,Alnus_Maximowiczii,432.08895799069893,31270.626119320237,18,18,0.6106162617265365,44.29608316935134
664,Quercus_Infectoria_sub,436.4165175755603,27500.373564953574,8,7,0.4657927449211121,49.84279388081849
667,Quercus_Cerris,449.91763349941505,28127.0150986036,6,7,0.3858887952822242,35.11153545485569
669,Salix_Intergra,466.68388439667575,27714.262888716785,3,4,0.4239838499949631,52.062691580562145
671,Viburnum_Tinus,741.6452362769579,98596.89266867071,4,3,2.1103500761035003,100.41027623368113
672,Betula_Austrosinensis,356.06522600971095,25142.983327538113,5,8,0.5273219373219373,46.85993817881534
673,Phildelphus,370.61102297755565,26216.91772469046,6,7,0.6433127438699552,70.74044239387172
675,Quercus_Chrysolepis,478.6282725227258,31789.884553554537,2,3,0.3758009051360187,48.93842067643879
676,Sorbus_Aria,477.5173115917206,43471.82022589961,20,24,1.3395020071982282,83.03720616315135
677,Cornus_Macrophylla,461.2022359889295,31120.84826561411,3,4,0.41088817824028495,48.473935399487125
678,Eucalyptus_Glaucescens,435.72194409703394,49960.93561081189,2,3,0.34886152739665344,30.491771003910788
680,Quercus_Texana,293.9644257836759,20064.270944306874,10,9,0.7462325370959298,28.468778594677318
681,Salix_Intergra,498.4842705525763,29477.013181069404,2,4,0.32367376928728875,43.377763244030696
682,Quercus_Greggii,694.2595239327577,93573.50956827763,8,8,1.9423503325942348,98.13548562472548
684,Quercus_Crassipes,1489.2032232099518,298808.15065760503,3,4,3.665938794256522,121.01913064003942
685,Tilia_Oliveri,410.9941147911151,38212.499157599115,13,14,1.0506737575910021,75.0341449979027
689,Eucalyptus_Glaucescens,507.4911068911652,30400.90374105246,4,4,0.24806924165881974,31.533066137723626
692,Quercus_Variabilis,474.32550067694643,27629.45255163175,3,3,0.39766024518388793,43.21872207229485
693,Quercus_Nigra,536.7877349594535,32924.638067270665,4,4,0.4234667671469226,38.03780789616248
694,Populus_Grandidentata,370.4623204696985,26077.578435329626,14,16,1.1393598148862323,65.20286202920337
695,Quercus_Vulcanica,302.21544808560054,19031.920794618996,11,12,0.5490827328635544,27.60899572455356
697,Ilex_Cornuta,597.7153711856548,65342.926228774275,1,2,1.702131188324073,99.69564944105966
698,Acer_Rubrum,361.7402932426164,24769.45080445885,16,17,1.0116306031585203,48.427910203150944
700,Rhododendron_x_Russellianum,522.7571417848997,30183.29577365909,2,3,0.296532686106929,38.456852556601994
704,Salix_Fragilis,521.4873568615371,24466.99731663146,2,2,0.2556326871561483,26.45168085176704
706,Quercus_Crassipes,1276.9449456725838,196700.68567972205,3,3,3.3573255043091192,116.99272527656485
709,Crataegus_Monogyna,385.4193225372975,39207.851568610415,18,19,1.268590244126125,49.5688453160337
710,Rhododendron_x_Russellianum,506.77804314762795,29174.94058904175,2,3,0.3204890077621403,42.33397648126157
711,Morus_Nigra,360.9674257514276,28534.420908889348,19,22,0.7960250730795889,66.20739856988357
712,Populus_Nigra,434.954853018048,37824.82496746911,12,13,1.2164703744954464,75.26612200077616
713,Acer_Rufinerve,439.03649206714533,34532.36700308419,14,20,1.1099212218739143,65.29391178345895
714,Sorbus_Aria,490.4219026408489,50319.28530884913,15,16,1.3151056176836047,83.09612560421137
716,Morus_Nigra,354.5804539674076,29391.09343613198,23,27,0.8188115983430938,62.45657605443589
717,Alnus_Viridis,403.24059301400086,38728.02789489243,34,30,1.1015320058853693,64.72697276654223
718,Zelkova_Serrata,353.0777234969473,26061.46144388751,7,11,0.4546915915042188,39.81633882681681
720,Eucalyptus_Glaucescens,476.7138123333826,35618.405053873976,2,3,0.27918108236787814,30.671303081681234
721,Crataegus_Monogyna,333.6837503559608,27055.74937165384,15,18,1.0597573647490655,45.89492726735527
722,Liriodendron_Tulipifera,365.4751213577544,32559.537410082477,7,7,0.8629413205500543,79.53812536318445
724,Quercus_Nigra,478.73116858650155,32213.94129650719,4,5,0.40154781635406567,43.83746219939083
726,Quercus_Pontica,401.26363938819054,28024.67205092717,17,13,0.5680896027049873,44.46076816454096
727,Acer_Rubrum,400.91990428168003,31190.123453240183,12,16,1.1097419120319885,53.49659851437446
728,Quercus_Alnifolia,484.97293499827515,41804.55432213531,14,12,1.5360956403643204,80.82176189553701
730,Quercus_Nigra,492.4947450901931,30970.28370897518,4,4,0.4185537329049203,45.43273176412093
732,Olea_Europaea,923.2193296973671,173262.08998136915,4,4,2.8216028790692325,76.14827169700261
733,Quercus_Ilex,964.836305473036,137517.94836650905,2,2,2.5201199900664455,98.82314608327685
737,Cornus_Chinensis,420.8229193953028,31437.0629334267,2,3,0.5519652040237424,66.30897600259298
738,Alnus_Sieboldiana,373.4306536503025,27313.807542126688,8,7,0.47568403606459386,35.44824284000214
740,Populus_Adenopoda,342.3440368135681,23168.036435866874,6,6,0.7600560513312191,62.62379976230002
741,Sorbus_Aria,535.6783626482057,58561.133752765425,13,15,1.5867512891709636,85.91978352050297
742,Quercus_Brantii,427.97005353434145,30225.833001870837,7,6,0.43987628977538795,47.42475855371163
745,Cornus_Chinensis,436.234459099288,29195.34299705281,2,3,0.5029198620980793,59.47000668048859
747,Betula_Austrosinensis,401.27040174264465,29787.02454223275,6,6,0.4867079436174417,43.94704251774092
748,Magnolia_Salicifolia,459.7381097841463,31862.1193190151,2,3,0.43107946132694075,51.788959217968255
749,Magnolia_Salicifolia,465.6070652725582,30405.117311779715,2,3,0.46361639152026335,52.70759905483159
752,Eucalyptus_Glaucescens,449.23907407075933,40132.423670374956,2,3,0.33004679933473596,32.94749255249715
753,Quercus_Nigra,557.7191966147756,31812.691722819447,4,5,0.36848447483465974,35.91229451108318
754,Acer_Platanoids,318.3492303066356,23094.436354823905,11,10,0.7225706433655132,38.25504280665521
755,Quercus_Crassifolia,368.51190046125436,25609.44261235808,10,7,0.6254181823494178,67.86126877041559
756,Ulmus_Bergmanniana,410.5540992070183,31251.41515277907,5,5,0.5205391527599487,50.063787291223115
757,Cornus_Controversa,370.78862756788,23335.23106044921,3,3,0.5634749545021233,59.78781213740207
758,Betula_Austrosinensis,487.84446038829486,33288.78061214717,4,5,0.5181836108059382,52.182410665963005
759,Quercus_Afares,370.3130442539697,27473.35860625,8,8,0.6442345706127828,55.41789801922264
760,Eucalyptus_Neglecta,522.1739230419764,37841.14869955309,2,3,0.35033444816053516,51.00676403794389
762,Pterocarya_Stenoptera,519.6696281252121,34222.37875482974,2,3,0.2968078080281793,37.47496884355961
763,Acer_Saccharinum,333.02227999799754,21799.891391069417,18,19,1.0846624104726592,21.4180428256478
765,Callicarpa_Bodinieri,517.1562917090288,30063.184043699217,2,3,0.36937776185357696,42.446349856060095
766,Quercus_Castaneifolia,512.2442628731054,32953.36436719243,4,5,0.3740964186822658,44.77478341416273
767,Quercus_Ellipsoidalis,277.4747811958537,25856.17155881365,11,12,0.8936395882598415,23.288400073605256
768,Quercus_Crassifolia,461.6726874055466,36017.62413371922,9,8,0.5394398118452,56.985826305208356
769,Castanea_Sativa,537.7509284794367,28947.02678232398,12,12,0.34797469705928086,28.481852000905757
771,Eucalyptus_Glaucescens,573.211084207642,30673.428027795082,1,2,0.25250542411406135,26.491071038970347
772,Eucalyptus_Urnigera,409.92832188270575,29466.564227585837,3,3,0.4618793256542818,51.977517249175925
774,Fagus_Sylvatica,410.4818025244256,29833.703282385173,6,3,0.5754203215482218,61.3801769279155
776,Quercus_Vulcanica,315.0308851420182,21002.48298977733,12,13,0.6191036644229625,34.74556507728445
777,Quercus_Ilex,1302.7089606364261,228910.41743030728,2,2,3.2696206843415707,115.73990190148618
778,Rhododendron_x_Russellianum,546.3245126413142,38467.93420992413,2,3,0.2823046735640385,37.12555571305597
779,Quercus_Ellipsoidalis,296.9370942780417,21880.624294122874,10,10,0.7295042069397122,26.062653767344894
784,Quercus_Trojana,729.3435314934545,97942.44828034154,13,14,1.9171089122470641,80.51919023032231
785,Quercus_Greggii,656.1294284239113,77167.16136734342,12,13,1.877293304741482,94.13468808154535
787,Viburnum_Tinus,754.2599947038673,103154.53411598547,4,3,2.0145561106840892,99.55624009290248
788,Alnus_Sieboldiana,370.4535523048256,23516.843014612823,12,7,0.519621682665161,41.28714059581167
789,Ilex_Cornuta,594.5607661905365,70963.51113711682,2,2,1.7362478141393956,94.77088969171285
792,Cytisus_Battandieri,752.100041254387,95120.53994928185,6,8,2.104041272570937,98.69332231319088
793,Ulmus_Bergmanniana,413.3380202335235,31675.791957906255,3,4,0.5024247760401381,46.63868400503596
794,Liriodendron_Tulipifera,363.67230023223493,33545.66136224301,7,7,0.8817079160905674,82.55041988174176
796,Quercus_Phellos,587.3876588522659,30472.40089540553,2,3,0.23766283362328677,32.17630031402239
797,Eucalyptus_Neglecta,541.865536308912,32631.177096527987,2,3,0.2685583868614856,37.50609514023306
798,Sorbus_Aria,455.3804818316385,41509.61377227695,19,23,1.4102286737850978,77.03571393807788
800,Cornus_Chinensis,447.28148675098834,31433.798983061915,2,3,0.4361509274873524,51.54284847847659
801,Quercus_Hartwissiana,430.8355645651356,32184.657046896544,9,10,0.6063227681515503,51.0181733334306
802,Quercus_Palustris,259.2220122626481,20037.667456117502,12,13,0.8931661497958546,17.043232631409182
803,Quercus_Ilex,1143.3097129503003,205386.1746270187,2,2,2.8411099328384584,106.39210988559721
805,Alnus_Maximowiczii,385.4391542968861,30531.693570853397,16,18,0.6215371797542177,45.25345255013038
806,Ginkgo_Biloba,395.870073169898,26084.973410712708,5,8,0.6509921877526778,53.126564702751956
807,Acer_Mono,306.3271883454266,20054.56808153818,4,4,0.742737817106705,49.729764432686885
808,Quercus_Pubescens,474.51824951138406,43526.804706880845,10,11,1.5980743253051346,60.300839467041754
809,Magnolia_Heptapeta,418.81397368544435,31722.936116116784,4,4,0.6183917838042501,67.18904759110855
810,Acer_Pictum,270.89018887191685,21564.557537437715,7,6,0.7456742947919797,26.530759899990386
811,Lithocarpus_Cleistocarpus,460.3556845138605,30799.712201466664,2,3,0.41709968793667146,57.27708268348202
812,Quercus_Imbricaria,519.7034848215064,36111.67225092272,2,3,0.322338029919459,46.80113457801093
813,Quercus_Suber,711.2101376589807,107003.61404043068,4,3,1.9527279805352797,91.36285894817483
815,Quercus_Castaneifolia,494.5586224601393,33153.915292901,5,5,0.3927990106755425,42.891689101518416
816,Quercus_Crassipes,1238.347590590967,199611.75928931922,8,7,3.28521868417792,113.19480146729127
821,Quercus_Chrysolepis,457.00159133235036,26844.980225342915,2,3,0.37270312154084567,48.92655353451397
822,Quercus_Suber,717.3738095477142,97095.37742466015,5,5,2.014451367255105,95.81349386855307
823,Quercus_Texana,351.6762084461812,24229.14867589396,6,6,0.6604925129515293,27.44090260882895
824,Quercus_Ellipsoidalis,353.97594770576274,26482.332099709136,13,14,1.1489114905294726,23.05118260144513
825,Quercus_Castaneifolia,482.61017947219614,34137.81803695557,4,5,0.38660979743253965,49.55672826977772
826,Quercus_Canariensis,429.92159384086597,27911.120089597327,5,7,0.4123562178977067,44.06993521710062
827,Liquidambar_Styraciflua,287.8912098640698,21106.695984665083,6,6,0.8268227829356612,32.828539832841926
828,Quercus_x_Hispanica,435.0407625027711,28919.92970158909,7,6,0.42213924884691423,42.02213927293347
831,Cotinus_Coggygria,395.3613333539788,27712.56118630999,3,3,0.6663152103748485,68.08563720094354
837,Cornus_Macrophylla,410.3998675939276,29182.623176937457,2,3,0.5087765062890345,57.02035128378229
838,Viburnum_Tinus,936.3348672503638,134672.66856898376,4,3,2.308943359088176,106.24239237470587
839,Alnus_Cordata,544.7084666558353,59137.25209601683,8,12,1.3529520159209847,90.62598050669632
840,Quercus_Coccifera,540.6590685921414,61438.15356441584,11,12,1.6995584083587842,84.74435275712754
841,Quercus_Coccinea,308.7097301772372,22082.484489096405,9,9,0.8259562408581179,31.94216479759117
844,Eucalyptus_Glaucescens,519.3089680759119,53489.22775797504,2,3,0.2901606849141749,27.916622092321838
847,Salix_Fragilis,565.9769498115115,29356.875927447105,2,2,0.22247159489409454,22.091170181255897
848,Quercus_Canariensis,990.3031792237002,135860.52518446592,14,13,2.4746111173138363,91.1520924941367
849,Quercus_Alnifolia,470.75762827801185,48575.186489987755,20,20,1.365273260886809,79.93015259439522
850,Quercus_Vulcanica,296.4613402308285,18295.483655427248,12,14,0.6169993766218705,33.37696276804204
851,Quercus_Infectoria_sub,435.5726414103623,30780.10032773321,9,10,0.4929319563465905,48.23481856753651
852,Quercus_Kewensis,416.47205866057163,23293.651181467823,6,7,0.4525750178931964,35.988248838921294
853,Acer_Rufinerve,420.21263667081524,29267.886663975856,16,15,1.1705750441552942,62.71968113534984
854,Magnolia_Heptapeta,443.949118740026,34320.1293933136,6,5,0.5953085376162299,69.28674416068813
855,Ulmus_Bergmanniana,433.21277279026185,30444.16840754911,3,5,0.43108906038623834,42.41559666413886
856,Magnolia_Heptapeta,449.023102699432,32970.34948678535,3,3,0.5349869267189599,60.662146757637814
858,Quercus_Texana,354.2876194315276,23283.77516877835,8,8,0.6743672014260249,27.3805631867591
859,Prunus_X_Shmittii,408.61414139296807,29939.93510058896,12,16,0.5491918736858125,43.770992108088905
860,Quercus_Pontica,391.6718737206792,23967.179862056262,15,10,0.5132579327586192,41.363637836694444
861,Quercus_Alnifolia,453.9855849424086,36610.49418566058,15,19,1.3678516909138674,87.50787957265017
862,Quercus_Pontica,389.8175155453032,26210.424814405873,10,12,0.5387393439464242,41.801048330895206
863,Quercus_Castaneifolia,446.2553863997291,27393.73582334678,4,4,0.3770220200620538,38.25250693006002
864,Acer_Saccharinum,295.1395713473382,34752.17171397747,25,24,0.8607068607068608,20.255595339473206
865,Prunus_Avium,435.8699018706366,30626.344754053433,9,7,0.4469550840451915,35.01839233653114
866,Quercus_Variabilis,528.0198681890835,34494.041164379676,4,4,0.3590219459008027,37.48092283441608
867,Sorbus_Aria,621.2716643172234,78337.73824247373,18,20,1.7005096040768326,88.11288934780194
868,Alnus_Rubra,538.6012473537686,55353.53754012669,26,26,1.4856779873842199,75.24142377271626
869,Viburnum_Tinus,937.4747658512619,129921.2204263074,2,3,2.2754481170860057,105.59430854392774
870,Quercus_Texana,334.9615145665163,21386.94975374679,6,7,0.6347464439240905,28.103990596688845
871,Quercus_Greggii,881.7997305283955,147037.985861329,9,10,2.1768277872237065,108.25968215500569
873,Acer_Rubrum,338.46092722258123,23664.833945817296,14,16,0.9625645854459414,49.861593498471194
874,Magnolia_Salicifolia,425.5846539164779,33064.24572389052,2,3,0.4853282088823817,57.19995670830719
875,Quercus_Phillyraeoides,865.4529841686898,142220.89361572277,3,3,2.214327428460191,101.7806739501384
876,Quercus_Rhysophylla,539.8579141167843,31146.415254501306,2,3,0.28952034127281595,40.25811994751359
877,Alnus_Maximowiczii,432.1916186329631,36557.82181201365,21,19,0.6790613666455586,44.446979412089284
878,Liriodendron_Tulipifera,351.9763931790616,29914.365793593082,6,8,0.8522903754363468,67.68561883608237
879,Quercus_Infectoria_sub,477.2526548353025,28194.979796764277,4,5,0.3723311546840959,46.72164626250128
881,Cornus_Controversa,393.4338016693634,31896.239985204313,3,3,0.6247544053074114,64.83207674017747
882,Eucalyptus_Glaucescens,525.0630804197702,42607.73253536182,2,3,0.25134258841007423,36.04643554467156
883,Populus_Nigra,601.2299405166813,69628.55772218877,15,14,1.5284774222827318,83.9891314490217
885,Quercus_Pubescens,532.2572183023011,57431.46272975782,12,14,1.651063829787234,62.41822811322301
886,Phildelphus,392.36052454850477,25155.711036680605,2,3,0.44610154878160957,52.02873464584958
892,Acer_Mono,278.1736941753101,17196.011384249425,5,6,0.6865345181134654,45.51682475352453
893,Alnus_Maximowiczii,424.6886673439144,32345.76435647941,17,17,0.6155692679975802,43.86902333699847
894,Prunus_Avium,439.27764800302043,28090.095656569632,15,14,0.4427072396025058,32.4706439304746
896,Quercus_Brantii,423.7969707605075,33371.72234735175,10,11,0.48318758376589244,45.010788793540776
897,Quercus_Cerris,531.4563335071135,24861.63571661264,5,5,0.29139249096094916,24.226096903109582
898,Quercus_Dolicholepis,636.2933133032773,82407.0853381603,10,12,1.801045382892226,95.24624214110833
899,Quercus_Dolicholepis,633.2723535965048,78080.12602196548,5,8,1.7376381617219314,92.00106702838931
900,Quercus_Shumardii,339.2446482337734,25795.79679641892,12,13,0.6920566420878724,21.66019836810806
901,Quercus_Cerris,481.8808955290776,25373.72090023229,6,7,0.365392847696235,30.91166791693571
904,Eucalyptus_Urnigera,348.4488487073593,20002.483782713065,3,5,0.5500109114715939,59.25754887033051
906,Acer_Opalus,347.8324675870348,37031.27914868554,9,7,0.942704747027327,66.32059614689875
907,Rhododendron_x_Russellianum,544.8730359240134,35613.78499430026,2,3,0.28059048941696885,41.55062730410929
908,Lithocarpus_Cleistocarpus,490.4916935395696,34730.479934038274,2,3,0.41380174452986396,56.722433023655235
910,Ilex_Aquifolium,408.2363936801122,31810.527348866,10,11,0.5976391982182628,58.01597868331878
911,Quercus_Phillyraeoides,918.5828482719701,154000.65841003112,2,3,2.3699079284340745,107.35014619493383
912,Quercus_Pyrenaica,415.7950798930699,23947.159624615135,9,9,0.579907133811735,29.333417894625065
914,Cercis_Siliquastrum,381.5890223555336,41468.781337686756,10,9,0.8521040052147462,87.51776224896547
915,Acer_Pictum,292.02521829968373,21322.50466263781,6,6,0.754135708575134,29.411523138312692
916,Quercus_Pyrenaica,394.5746194184575,30080.382035133072,9,9,0.6697724039829304,30.58892775702451
917,Quercus_x_Turneri,472.6820040915581,31365.862763345587,5,7,0.4314567206192822,46.18054750020119
918,Quercus_Infectoria_sub,474.25789142390454,36073.646975946176,3,4,0.4111904037785201,47.916973971486016
919,Quercus_Trojana,865.5253672675797,105730.01876313184,11,8,2.204788652060162,83.51767165280675
920,Quercus_Dolicholepis,806.6885038155034,120446.32594283487,7,7,2.121240283879689,111.11251519151116
923,Quercus_Chrysolepis,470.8427214455083,28564.57948352449,2,3,0.3920580456072628,50.05562149284673
924,Prunus_Avium,443.0487092485364,25225.974568996327,3,6,0.3778095006682056,34.62002367885104
926,Castanea_Sativa,442.63430898703126,28043.493853242126,19,22,0.45792348406119343,33.08665330078224
927,Rhododendron_x_Russellianum,531.6187539852868,31959.204756140214,2,3,0.2783873327309496,38.27653422720182
928,Viburnum_Tinus,808.3536950394025,105876.99645147938,4,2,2.042131141082023,96.65903821326096
931,Olea_Europaea,1215.096494977665,205301.50621215845,5,5,3.6287157149011535,98.60993816685892
932,Cornus_Controversa,369.5978804232573,25999.96329824992,3,4,0.6774282702949295,70.12013273183129
933,Populus_Adenopoda,344.26142496054655,22509.19409267514,9,8,0.639170710189678,53.029119420749595
934,Quercus_x_Turneri,521.2967142623049,32852.35861370392,7,8,0.3925692253767964,38.84727099883376
936,Quercus_Texana,327.60566445702625,24363.741780588527,10,10,0.7227979875263731,27.145853985043388
937,Pterocarya_Stenoptera,458.39340939874376,32918.70248298791,2,3,0.35498736435260886,42.351461327787746
938,Quercus_Ellipsoidalis,289.8540136757599,22394.431414241575,8,8,0.7187362621259634,25.550272509124955
939,Cornus_Macrophylla,408.08276734868934,32940.79381629316,3,6,0.5313126970478648,60.25513288442049
942,Tilia_Tomentosa,361.84915315560755,27864.165585988067,23,23,0.8138954503440484,64.5081574666378
944,Quercus_Kewensis,472.26548029358406,30911.366786616807,3,4,0.36482113373692904,37.96911115537874
948,Quercus_Canariensis,459.5024924596755,29121.294266051078,8,8,0.41754025182842835,43.76421233367982
949,Acer_Pictum,285.6684984265542,23037.175982369277,6,6,0.7778948877876312,28.363069064348114
951,Quercus_Semecarpifolia,428.0677885663087,41588.281199717036,12,12,1.2067010717322635,76.28659675425806
952,Phildelphus,408.8050563049233,29133.32869679397,3,4,0.4864781269846599,50.5610128673012
954,Alnus_Rubra,452.3552929630004,45032.13938149208,22,28,1.2861515793705989,81.1600874234891
955,Quercus_Afares,391.66910146664753,28305.18004006836,8,10,0.5566384348833247,47.79088108324467
956,Acer_Pictum,282.38422022628197,24889.816690857602,6,6,0.8111701493959826,27.835365745331515
958,Quercus_Alnifolia,412.5388670557287,41619.94400904568,15,16,1.1776856225282,79.97320255749966
959,Tilia_Oliveri,409.7207106290046,37248.9934214624,22,18,1.0452185677236938,67.88168242237118
960,Acer_Palmatum,301.2443024797135,23422.531247014274,9,9,0.928902475332244,22.286604117585945
961,Quercus_Variabilis,521.9365926796781,37054.03943842008,4,3,0.3827031543764362,43.962924176460426
962,Acer_Circinatum,338.1177018682831,31432.195615579425,13,17,0.9102754325838,37.8824406946191
963,Ilex_Aquifolium,443.1605982127058,30413.007779505682,8,4,0.5224253707926281,56.36527093637291
966,Pterocarya_Stenoptera,516.8483258993967,31029.60522722032,2,4,0.2935272247911925,35.65561270622642
968,Crataegus_Monogyna,361.24845129052545,28056.602926790325,13,17,1.1361408081431914,50.22903955586533
969,Callicarpa_Bodinieri,529.0387119926808,29850.881198672047,2,3,0.33484895613009186,37.13561500544299
970,Populus_Adenopoda,315.25330290093416,18681.72112351333,8,9,0.6543922563340039,51.553055711099795
971,Alnus_Sieboldiana,395.1946405548415,26821.61716339718,9,7,0.46445407893821344,37.08115174823479
972,Cornus_Macrophylla,400.22507443345086,32847.611798313694,2,5,0.5093077539830333,53.389492527221655
975,Quercus_Phillyraeoides,914.3390327517441,133997.4554632716,2,3,2.4017872717296718,109.96472094840554
976,Salix_Fragilis,542.9911371233532,27266.584406239486,2,2,0.22859031914211714,24.246174732414524
978,Quercus_Rubra,353.4121272183792,27858.547606023694,13,12,0.7301184433164131,30.85309158810457
979,Quercus_Imbricaria,510.7770672684123,32664.727606751258,2,3,0.3385936271842312,48.541076646008925
981,Morus_Nigra,360.63911318074776,29196.74790069652,24,30,0.882743935082981,58.52277117935636
983,Alnus_Maximowiczii,354.39574261951964,25779.557263999766,22,18,0.6465866757267432,45.81691223550448
985,Populus_Nigra,441.05299532211166,40667.50357375167,14,14,1.2243161062189407,75.42959541715358
987,Prunus_Avium,426.3770607616018,27815.47554341385,4,6,0.40963724177027355,38.111308065437775
989,Quercus_Kewensis,484.2647780151803,29041.63788290934,2,5,0.3981251537023779,40.025599533254166
990,Acer_Capillipes,329.92731059623907,22345.702063538927,8,12,0.6245414294750159,53.23449516979176
992,Callicarpa_Bodinieri,494.4777499200401,31751.452657386486,2,3,0.3563822105878181,37.63396803621028
993,Zelkova_Serrata,357.76984067084805,24420.875790479313,9,15,0.5120123958938603,47.693882920402835
994,Populus_Adenopoda,312.5177771723801,17571.872503696868,7,8,0.7194645762461175,55.6361283484111
995,Quercus_Vulcanica,308.91839262526713,20226.24416683203,14,15,0.569135902293008,27.7372679782778
996,Eucalyptus_Neglecta,473.1486535021992,40157.10235080766,2,3,0.4235053581500282,54.830269184604745
999,Quercus_Brantii,372.8718377893542,25756.133587154003,12,13,0.4844290657439446,40.93562549532596
1000,Acer_Circinatum,338.28616477662604,28751.218101897113,12,17,0.8522855425079946,34.58231272252658
1001,Populus_Grandidentata,399.569273024261,32961.14312794078,17,16,1.1855438066465256,72.06878734668965
1002,Acer_Opalus,407.92966840671073,35158.72807217868,11,15,1.1860152398027788,74.42924474715092
1003,Acer_Saccharinum,317.2231755232134,22892.695066618635,21,18,1.0305036476524154,22.053491692155674
1004,Alnus_Sieboldiana,399.19479549561123,26950.900816493548,8,8,0.5099052905775627,41.552324257126415
1005,Acer_Mono,320.2239062694459,21740.219260822178,3,4,0.6798239068795702,45.27518042101226
1006,Quercus_Ilex,1044.7612509347503,160284.55294545798,2,3,2.780686656400036,105.51289069555513
1007,Quercus_Coccinea,308.52148069870447,21010.941874411437,8,9,0.7697068216110258,27.955330349832884
1010,Quercus_Semecarpifolia,443.2419406897428,41106.207882125,18,17,1.2934917478285994,76.1992131212595
1011,Acer_Platanoids,352.5507609219731,29608.12528962721,13,13,0.8384533249312958,42.776690169527086
1013,Betula_Pendula,386.8115499964361,30717.04342501507,25,22,1.3085630706411413,58.900550650982986
1014,Phildelphus,392.1960817177515,26820.024048517596,3,4,0.4688196882892872,51.3377112095324
1016,Quercus_Trojana,811.1042793584422,101601.18518750797,17,17,2.018471496141399,77.13355011128607
1017,Crataegus_Monogyna,377.6237334318289,33231.642673055394,20,19,1.0873145389486922,45.710995906424145
1019,Acer_Circinatum,308.26579595747086,27246.54900135616,9,11,0.8714874697217186,35.08202299182143
1021,Alnus_Rubra,461.9075782568224,43261.56387600791,23,24,1.2851683321437068,81.47257516231006
1023,Pterocarya_Stenoptera,512.6737211187938,28526.18323308439,2,3,0.28945066841893097,34.82371266350239
1024,Quercus_Palustris,316.65752943002394,32146.838376836356,13,13,0.999659254765239,23.288079955507968
1025,Salix_Fragilis,558.6535877829,33579.15760659657,2,3,0.2040822003546716,23.70845871862213
1027,Quercus_Coccifera,498.4375120277709,52965.71715623464,12,9,1.5778784648187634,90.28376068210035
1030,Tilia_Platyphyllos,368.0001127994858,28683.210499083445,16,15,0.8365305369333909,62.739252866931366
1031,Magnolia_Heptapeta,444.4651125934897,32863.21275424671,5,6,0.5831752829611501,63.077213806811265
1032,Olea_Europaea,1191.4934166383935,210220.752570506,1,2,3.586370339161575,106.24974652554926
1034,Arundinaria_Simonii,672.2469408965616,32437.826793462213,1,2,0.09911151542231145,18.040046245597072
1036,Lithocarpus_Edulis,405.5875803947136,27889.58098417952,2,3,0.43046303025409133,47.32318306611481
1037,Quercus_Castaneifolia,465.58780050373036,28133.26154593172,5,5,0.4085023737591713,40.59101201710409
1039,Arundinaria_Simonii,691.0930868193127,31150.537057139576,3,4,0.09264214046822741,14.187380531801242
1040,Tilia_Platyphyllos,359.4220592102159,28774.125523358176,12,13,0.8365022705671138,68.45710612374728
1041,Acer_Palmatum,284.4929730482141,24657.370046288757,8,8,0.9081932764873076,19.646617025726176
1042,Salix_Intergra,494.1185483970022,32784.24693378334,2,4,0.32379287743063145,46.522686387502645
1046,Rhododendron_x_Russellianum,493.260011631508,30200.76209161564,2,3,0.34732088219225604,44.62039255923607
1048,Quercus_Castaneifolia,481.96971234081997,30311.97980681279,4,5,0.4013702821594245,48.05530433338516
1049,Magnolia_Salicifolia,428.38503618438403,31583.79588198454,2,3,0.49015273634056195,58.32353278295292
1051,Quercus_Castaneifolia,488.40694070934694,24865.007790776817,4,5,0.38068762691688257,39.117805790868836
1052,Betula_Pendula,442.31674987166605,38703.29748337846,19,19,1.3995390435152943,61.92913164598538
1056,Ilex_Cornuta,553.2305236520122,54543.4612282099,4,2,1.7102514219154656,91.21358771152241
1059,Tilia_Tomentosa,371.1837442065695,28592.536107269512,19,21,0.7983342824601367,65.8793217933214
1061,Quercus_Chrysolepis,447.92102883384143,28153.464794955653,2,3,0.3921986336590024,48.616008561166524
1062,Tilia_Oliveri,397.0618262413686,33086.612621045904,23,15,1.0129735971645908,70.1082980725643
1065,Quercus_Suber,757.6530270064109,99101.7045536105,3,3,2.170328882356509,101.2070443134624
1066,Crataegus_Monogyna,335.93584344732267,28753.017857228228,13,15,1.0810525130177875,41.12364824664925
1072,Quercus_Crassifolia,435.91444948451806,30629.80965335262,6,6,0.4743258444045846,55.14816078554708
1073,Salix_Fragilis,565.6438324415801,41935.335078948025,2,3,0.230339839910125,26.056427886325736
1076,Pterocarya_Stenoptera,513.8410689198815,31136.51717654786,2,3,0.30136275146009084,37.637552888514975
1077,Salix_Fragilis,574.5581397879678,39226.799344787025,2,3,0.1772007266922676,20.692690169441526
1080,Eucalyptus_Urnigera,464.84503190791986,34935.198820436824,2,3,0.41117130307467065,46.956827352691306
1081,Quercus_Hartwissiana,431.05475257420517,32650.456842280695,13,14,0.5712821513983113,50.538102819843566
1083,Quercus_Coccifera,571.599249017965,61231.42189546593,9,8,1.7465091562114419,90.64820128804611
1085,Acer_Palmatum,285.9753802833438,25268.125458282164,8,9,0.8770376927048756,20.828770588183545
1087,Castanea_Sativa,442.16911752216674,30479.377028249342,19,19,0.4803275203908013,34.75946916519884
1088,Acer_Palmatum,255.75730474079037,26342.58902509873,8,9,0.8155598284277474,20.92597287136801
1089,Quercus_Pyrenaica,365.6781735243043,26408.984615704805,8,8,0.6696926375982845,34.95476242298912
1090,Quercus_Pontica,393.38741239840135,26054.51908554356,8,7,0.4945070455339467,41.616720379173906
1093,Quercus_Palustris,283.8278984385497,25067.768329666975,9,11,0.9187707755676864,21.331613598008698
1094,Cercis_Siliquastrum,382.543143251196,36010.02961813695,11,9,0.9038801607599561,85.88914224933075
1095,Quercus_Canariensis,1112.7340561725337,171502.07572294856,14,11,2.6419693689359316,96.21480276984862
1096,Alnus_Sieboldiana,427.4956277106733,31723.1881038069,6,6,0.45955992736942936,36.78218211547011
1097,Betula_Austrosinensis,365.5719569877001,25946.713824685037,6,6,0.5350992814320337,47.229480578141214
1098,Quercus_Phellos,541.093470227826,31352.369677571958,2,3,0.25682290783785217,35.22785647779211
1100,Quercus_Infectoria_sub,374.6343578431494,23686.35686686721,5,7,0.5166946737780376,50.80957361426106
1101,Quercus_Dolicholepis,657.4700987502438,73852.81867601982,9,5,1.9768859581337042,93.70168120649205
1110,Quercus_Crassipes,1398.6030088199243,273504.74063503114,3,4,3.3463215258855583,122.65659226912861
1112,Cotinus_Coggygria,409.2915640748156,27968.85851422834,3,4,0.5987761093232078,62.36542715079319
1113,Quercus_Phellos,573.9199222685419,33357.85838814125,2,3,0.22164729231641622,32.744676334477035
1117,Acer_Rubrum,352.29621245324097,23565.335541828565,13,14,1.0570573763656075,46.74623555969498
1118,Alnus_Rubra,503.66782251047186,52388.00107510437,19,20,1.3847803579352165,86.63150388781764
1119,Callicarpa_Bodinieri,477.3780969747576,28750.34534482273,2,3,0.37946602975489213,43.23984427949289
1120,Quercus_Rhysophylla,537.6860225300869,34645.76971301374,2,4,0.30547969890789395,44.68802758334558
1121,Salix_Intergra,487.981782953812,31772.609434748483,2,3,0.32137725121339733,46.36387403519547
1123,Quercus_Dolicholepis,802.9120574723156,109143.22341220241,5,5,2.231669778473028,106.72823987625985
1124,Alnus_Viridis,387.0049715665784,34364.06546400555,37,32,1.1948053995023808,59.878426863289576
1125,Acer_Opalus,356.2631340547333,34729.0975860809,10,12,0.9506748338870431,73.78771188990656
1128,Quercus_Rubra,321.11022820424984,25660.04969448541,13,13,0.7791778515474195,26.99333033177066
1130,Quercus_Hartwissiana,437.0976446499582,28443.48939978934,11,11,0.554815360950909,45.99506470402615
1131,Lithocarpus_Cleistocarpus,463.41878111747457,32627.20497886361,2,3,0.43154776028270514,59.587918462134766
1132,Cytisus_Battandieri,797.5605221166858,117844.43671217399,1,2,2.3500044814914403,99.74132787792476
1134,Quercus_Afares,400.57649608488964,22620.952995606654,9,9,0.47543395116210646,42.17717020278049
1135,Ulmus_Bergmanniana,418.6658780850276,27958.55907805784,2,3,0.48575017019977934,47.986081333954466
1136,Zelkova_Serrata,392.3123413292134,29640.71150992652,6,10,0.39089073783101985,36.90396731294449
1142,Quercus_Crassifolia,421.01511853983953,31706.197500288145,9,8,0.5507225742151349,57.78224848843524
1144,Quercus_Phellos,573.0508758910199,32819.22143989439,2,3,0.2213353286901969,34.28391654932351
1145,Quercus_Coccifera,543.0195802705751,53041.808424232055,9,7,1.79168327283303,88.46582949606092
1147,Lithocarpus_Edulis,405.0260636414552,25172.32403444673,2,3,0.43921585267535107,54.3538094146509
1148,Quercus_x_Turneri,482.3809263425378,32553.61447380332,6,7,0.44442883770068425,45.61483849864652
1152,Tilia_Platyphyllos,357.1028049501343,27262.728900286857,16,11,0.8080460453081036,61.64501823019749
1153,Castanea_Sativa,439.54889458039025,27276.38048330424,20,18,0.42735946911664674,30.40714328690063
1154,Acer_Rubrum,368.0667093098292,23709.06016142969,12,13,1.0832397131999165,49.71917253676444
1156,Quercus_Trojana,719.2177262055799,82716.36873248058,15,11,1.8566352978374643,76.39291942632497
1157,Quercus_Afares,431.9579557577282,27551.456503385572,7,8,0.44423764145324596,39.48014067279431
1159,Acer_Opalus,388.7985659727229,36677.21818765134,10,11,1.0774047529234252,76.48396019128818
1160,Sorbus_Aria,526.6411105338539,55091.311967389214,10,12,1.5053066885415902,84.57503924573724
1163,Quercus_Rhysophylla,504.8400664469354,31701.56222754157,2,3,0.34881835316003335,44.18471920851631
1165,Acer_Rubrum,333.7968137344558,21361.54264039036,12,12,0.9474546518431831,43.44158657309032
1166,Quercus_Greggii,730.4246785126138,105632.0695081713,5,6,2.001967842572594,97.63682167601279
1167,Quercus_Crassipes,1557.4751017036438,307629.3900958952,3,4,3.5871964679911694,135.82979376722085
1168,Quercus_Kewensis,427.10377771127014,27038.114713142768,2,4,0.4133583489681051,43.03684598318363
1169,Cornus_Controversa,380.2589144815515,25711.955319182925,4,4,0.5787386124737212,62.24563439110466
1170,Quercus_Pyrenaica,363.5094188423153,23389.395906799447,8,8,0.6457777153294927,27.72859194675663
1171,Quercus_Hartwissiana,399.17080674829964,30282.11369804881,11,12,0.6356737897950284,51.76624228990065
1172,Prunus_X_Shmittii,392.06567146879894,29108.018718813168,10,15,0.5741348962964307,45.971318589586254
1173,Morus_Nigra,366.2614401468166,30191.2321838991,24,27,0.8375349473963126,60.88143905087456
1174,Tilia_Oliveri,391.665550753825,31394.957825243207,19,13,1.0824787257255073,73.90709601881231
1175,Celtis_Koraiensis,389.4192477375179,29472.7478749518,11,9,0.6014665444546289,51.12730145993986
1176,Sorbus_Aria,533.1607872562076,55169.423856490284,13,19,1.5631831993715426,80.29545726050536
1179,Callicarpa_Bodinieri,481.03149916460563,27890.52805535146,3,3,0.36554012141578485,42.438484314088946
1180,Quercus_Nigra,434.876785979647,26470.414101683393,4,4,0.4842803340429016,40.11701877816125
1182,Acer_Saccharinum,299.57321697408145,17721.728616681776,22,19,1.0598809523809523,20.006370994327746
1184,Acer_Saccharinum,406.87728116547225,31654.797027566903,21,20,1.2741786752950548,26.255551095068864
1186,Eucalyptus_Neglecta,505.51142029047816,34555.591504424294,2,3,0.3349397590361446,45.475759354847455
1187,Quercus_Vulcanica,345.8388847672621,30332.918204627247,11,10,0.5640102381675416,31.244985789063975
1194,Quercus_Imbricaria,511.7635985836961,32287.701814309177,2,3,0.3687478819049898,49.956310897333
1196,Acer_Capillipes,378.9707403259528,27908.724188721066,5,6,0.5082160890789496,47.382226166528916
1197,Liquidambar_Styraciflua,287.63153538518105,23054.230981363096,6,7,0.7614930447121159,33.6219349450125
1198,Zelkova_Serrata,390.42993382196835,26607.597016295527,7,10,0.455835734870317,45.705564759344604
1200,Sorbus_Aria,578.6403959713499,58247.397806276116,14,17,1.762192426698099,85.43940282225905
1201,Salix_Intergra,501.1381830906322,36602.80662892793,2,3,0.3823152062982942,49.55537252640934
1202,Fagus_Sylvatica,403.5343276327569,29247.5972832112,5,5,0.6152375392249874,63.00036219025677
1205,Quercus_Brantii,410.27064076575357,28022.263271104064,14,12,0.46852639220159703,40.51982080910659
1206,Magnolia_Heptapeta,431.4152512788052,32449.764931868263,2,3,0.5498326340106549,62.529602160715484
1208,Cornus_Macrophylla,395.7325780170216,31465.642268278425,2,3,0.4964526858235907,60.20754605233227
1210,Quercus_Vulcanica,341.87657528519765,24062.35249506836,15,13,0.5865485848764478,38.82640911793194
1211,Viburnum_Tinus,835.8351696759202,120850.64971268443,3,3,2.0183366591769714,101.61871301682046
1213,Betula_Pendula,386.7316447048563,31160.41126213973,18,20,1.20037548263688,64.31361593378281
1216,Acer_Rubrum,349.75782968980354,23653.67379651002,11,14,0.9773016683513437,50.7893229860651
1217,Alnus_Maximowiczii,448.93853845431823,32131.98051527533,16,13,0.5669440199657619,41.36667364904369
1218,Viburnum_Tinus,797.7861822326422,103667.18548598402,2,2,2.2394786164593627,96.25150850996427
1219,Magnolia_Heptapeta,402.8908012450178,28729.26196869252,4,5,0.5935902866017224,65.04128636639128
1220,Quercus_Cerris,436.5442046566021,24688.49077903602,7,7,0.41093137604218627,31.439026652683594
1221,Salix_Intergra,516.0957651718697,32660.461406229122,2,3,0.34013756378966054,44.15197893901667
1222,Quercus_Semecarpifolia,430.9792841341894,39687.16105216271,11,11,1.2522751850927543,86.17105071171959
1223,Populus_Grandidentata,393.0332170919518,30809.512690190022,17,17,1.1801125703564728,65.13227410711256
1225,Quercus_Greggii,851.0796844061231,126131.38524232594,11,12,2.3237207637560053,94.99464353895397
1226,Viburnum_x_Rhytidophylloides,430.7662964558263,32232.994086244456,4,5,0.5242060976442997,63.0563246585012
1228,Morus_Nigra,350.1039055953783,28760.413806748547,21,29,0.8298365772248472,60.425365499874204
1229,Castanea_Sativa,453.7251183053672,29506.03429087653,19,21,0.446963846963847,32.35970134766991
1231,Quercus_Pontica,422.78828248998775,30943.35207150474,10,6,0.5171675134314927,47.65365895911441
1232,Alnus_Maximowiczii,418.8609674018172,34552.0206785389,21,26,0.6568157907627759,40.36102621190775
1235,Alnus_Cordata,573.9279793563596,64064.02678485464,6,7,1.4196309802302645,89.28440315714658
1236,Quercus_Dolicholepis,610.4802844166618,70434.6981745719,10,11,1.7123933386201426,93.58441856689193
1238,Ulmus_Bergmanniana,387.77900057622134,26431.266905514127,3,3,0.48949707725852437,48.58341640916643
1239,Eucalyptus_Glaucescens,525.8476365872234,54766.379968468755,2,2,0.30740400254578887,26.185556160358058
1240,Viburnum_Tinus,955.0741399810429,131367.0214455649,6,6,2.2171826253899685,96.55629990819597
1242,Alnus_Cordata,583.3763089211666,63738.42788329722,14,14,1.4266321157593598,88.74175072941193
1243,Acer_Rubrum,352.3461505669626,22047.125391854064,13,17,0.9922895277207393,49.58847746808627
1244,Quercus_Infectoria_sub,482.28329153073685,29510.73645106491,5,5,0.39603238275836916,43.803960710328724
1245,Acer_Rubrum,385.24874236453667,27579.648802617467,13,15,1.1029019946712753,53.953692043594884
1249,Tilia_Platyphyllos,359.0597443064396,26017.19944376791,20,21,0.7962805626357029,64.15277794561332
1250,Ilex_Cornuta,611.4216897161728,71356.84323189381,3,3,1.6955161100361738,99.94242302486568
1251,Olea_Europaea,1218.7333221751342,267439.80733597133,6,6,3.2823096799840985,94.64677744269265
1253,Quercus_Infectoria_sub,442.1948392972568,27663.225058109983,3,4,0.4271465107782243,46.03143361408783
1254,Morus_Nigra,385.8693363184564,36740.34576892154,13,18,0.7744326500732065,66.89789874020629
1255,Alnus_Viridis,442.3694964368526,47156.60786006761,27,26,1.3123220821472141,70.95416615438602
1256,Cornus_Chinensis,426.6392440042127,32906.08691247715,2,3,0.4811930467167409,58.487594015202596
1257,Quercus_Coccifera,621.3733619430928,70791.13713465263,9,8,1.8811305070656692,98.38724653891227
1258,Alnus_Rubra,554.5138146707008,59852.47055878256,14,20,1.492220142268813,87.77293072575172
1262,Quercus_Palustris,312.1966840145498,22328.107624181415,10,9,0.9883248337653555,24.331344207871073
1263,Cytisus_Battandieri,767.5066303679081,103419.06907426167,3,5,2.2215244169505146,100.8217248948067
1265,Zelkova_Serrata,396.43895306173846,30717.728092897025,7,9,0.40761510947481444,40.92825106587832
1268,Quercus_Phellos,549.5825546201667,27966.71740501451,3,2,0.2411631587571899,35.777352594724405
1269,Sorbus_Aria,455.5934553198135,47063.66486199944,22,24,1.3843961355927612,80.02490384787103
1270,Acer_Opalus,378.3154267091007,30256.03178244998,8,8,1.0294825248239359,64.63526217538308
1271,Phildelphus,414.28525351562786,29532.927655672753,4,4,0.48740718105423986,53.966619713545875
1273,Castanea_Sativa,485.8165964049046,31534.275852889663,23,23,0.41939151842364153,27.5956517362755
1275,Quercus_Crassipes,1424.4281511987708,284682.31778902654,7,8,3.3895227062636755,113.05252383341875
1276,Quercus_Pubescens,486.1668873204795,48859.12093181215,13,13,1.5688825802381514,47.201300543144654
1277,Celtis_Koraiensis,406.68611287583275,29720.247498575834,6,9,0.5571597734438531,55.31010390356602
1278,Quercus_Suber,658.847955616905,86458.4533968855,5,4,2.0077096251443436,92.85847742006763
1281,Quercus_Ellipsoidalis,292.39523152055006,23171.693091336732,12,14,0.8603294440631434,25.03029369380528
1282,Quercus_Imbricaria,503.6763252593833,27217.158272180557,2,3,0.36026592563931203,44.21192792643838
1283,Quercus_Cerris,414.9953422369723,22011.6160926351,6,7,0.46459222031957687,28.931026888892152
1284,Crataegus_Monogyna,324.63170744082976,23379.080346986495,14,15,1.0066923180572813,41.77767819151585
1286,Prunus_Avium,430.27355668457096,28234.649760387525,4,6,0.40271528045068056,34.68575004674767
1287,Alnus_Maximowiczii,422.1910028914558,34303.116493353016,17,20,0.6500613496932516,45.46567860612254
1289,Fagus_Sylvatica,413.87695812053084,28940.863008205528,5,4,0.5699356647533018,61.992892758879826
1291,Quercus_Chrysolepis,500.6634565189568,35898.79443141582,2,3,0.34146062935034804,45.73937800248004
1292,Quercus_Dolicholepis,690.335868466774,97626.0128699032,4,3,1.876681689761873,97.06504490307647
1294,Quercus_Ilex,1167.7075738987041,191676.46669062192,6,6,3.1297519869769217,101.0491035859177
1296,Castanea_Sativa,443.8504688199777,26008.25936510229,25,22,0.43035347125894013,29.664616075204716
1299,Quercus_Pubescens,639.3048685609334,79445.15081338111,12,12,1.9284643570952698,63.46158432569729
1300,Viburnum_x_Rhytidophylloides,463.6354217905031,36195.155904875304,3,6,0.4867368421052632,65.27059465514529
1301,Tilia_Tomentosa,353.2464669405243,22524.789624804554,12,18,0.7504896902438873,61.13854684681443
1302,Alnus_Sieboldiana,386.0838546734549,26811.065777503754,6,5,0.48162651908154275,41.72009393229338
1305,Quercus_Pubescens,420.7169740752208,38450.87680582587,14,15,1.5281163321815217,50.44978866335165
1308,Ulmus_Bergmanniana,417.4628964066534,29334.331371059827,2,3,0.44648979539581135,43.18799880503503
1309,Ginkgo_Biloba,397.8836394003262,27032.27832482026,6,6,0.7042552677946465,55.60417712088065
1310,Quercus_Afares,457.19061986926124,35489.864720291334,11,9,0.45179887615850545,40.95449068904862
1311,Viburnum_x_Rhytidophylloides,454.95676326921534,35726.58923767418,5,5,0.5188221763884004,61.66660931878894
1312,Quercus_Alnifolia,473.5610056146965,46185.24879068188,13,13,1.4288722508189047,92.46978570956315
1317,Quercus_x_Turneri,512.5558438082829,29792.256072875596,5,6,0.3855809356257251,40.478203436868455
1319,Ginkgo_Biloba,399.2253697099171,28170.606622527623,9,10,0.6813606939597121,53.489256467367376
1320,Acer_Opalus,349.105537092304,30416.946543723006,10,13,0.8912173323310988,60.807740434585135
1322,Prunus_Avium,447.35154386064346,25200.528094048677,5,7,0.4045938160169003,35.071323883162655
1323,Quercus_Rhysophylla,544.567157452712,35124.590949918726,2,4,0.29126858350313184,39.56861966682235
1324,Prunus_X_Shmittii,398.77255972055485,27367.168892050784,6,9,0.460131772289899,40.16985951224625
1325,Ilex_Aquifolium,375.3868596181838,26787.611930391267,12,11,0.6394489099720355,57.9402585952466
1326,Quercus_Phillyraeoides,1027.0749653615371,158623.74266615632,4,4,2.6021885669263765,113.62017767007166
1327,Quercus_Greggii,720.2144056550582,102774.27551970628,9,13,2.0355757217071084,102.93558802010237
1328,Pterocarya_Stenoptera,477.5946349249906,29189.21301630179,2,3,0.31775367007738653,39.02892354963113
1329,Quercus_Infectoria_sub,484.722072919173,31690.948508049583,4,5,0.4222549742078114,43.06795234224014
1330,Phildelphus,409.54437209610853,26502.960694182068,3,4,0.4719462587626399,51.41268318722372
1335,Tilia_Tomentosa,366.0147707334935,25555.799852434124,15,17,0.7885671672907764,62.008978302385
1337,Quercus_Rhysophylla,475.795768760817,31070.733950091995,2,4,0.36213593993237736,45.90848099409546
1339,Quercus_Infectoria_sub,463.11564494300353,30232.261439740985,5,6,0.43339476594176185,44.69551267195778
1340,Prunus_Avium,454.50105186733356,29592.23841336307,13,15,0.45994819481826676,35.816833685425635
1341,Quercus_Texana,360.25657101372093,24438.40429013403,9,10,0.6462242821614288,29.655059027741295
1342,Acer_Mono,305.60412434438706,22323.570684239356,5,5,0.7768951628982733,45.12316260784271
1344,Eucalyptus_Urnigera,436.68186135903113,28980.19768318019,2,3,0.3995356416653448,46.516874091566535
1345,Cornus_Controversa,383.68308304213156,27929.451376862155,2,3,0.5470986759217439,61.777419536232685
1346,Ilex_Aquifolium,420.4874003881757,29249.47242940368,11,5,0.5568334456080185,57.97537812410878
1347,Ilex_Cornuta,585.4745271570607,67218.53327933545,5,2,1.6244265478373212,93.41898216674026
1348,Quercus_Ilex,949.4439738365518,154552.27303675056,2,3,2.4865758058024423,91.91156986198095
1349,Ilex_Aquifolium,408.9581639679988,28255.06253539186,9,6,0.5639740015203331,54.91120213282523
1350,Liquidambar_Styraciflua,289.77292214835995,26299.01669241913,6,6,0.8684013306389476,35.943867802084974
1352,Rhododendron_x_Russellianum,511.0081395138985,26889.751357052857,2,3,0.3396841066608926,43.09801431282582
1353,Quercus_Infectoria_sub,443.969150491906,26837.381890639143,2,6,0.42332741267021906,45.313738272882325
1355,Cytisus_Battandieri,789.2622918913012,107074.61333824194,4,3,2.34357316087308,100.17910335303571
1356,Quercus_x_Turneri,506.1369770639568,28645.506492694785,8,7,0.3924832072657289,39.44263337078559
1358,Quercus_Canariensis,490.29819929245116,29444.326800354844,6,6,0.3624164578111947,39.39822924066334
1359,Quercus_Semecarpifolia,425.16095898139537,40628.77875748066,17,16,1.231859636800971,74.76376962610625
1360,Ilex_Cornuta,609.4976054960913,65078.4104900428,1,3,1.91360568749678,94.14454737000933
1365,Quercus_Imbricaria,467.29158390806407,29853.660483875137,3,4,0.3733860891295294,52.13106893099578
1366,Quercus_Hartwissiana,456.7404640199647,31765.727058602417,8,8,0.5154890059015536,54.88415019846507
1367,Callicarpa_Bodinieri,532.324743960741,30458.646971647737,3,3,0.32114624505928857,37.36294041569614
1370,Acer_Palmatum,281.4273132240293,30598.67033237381,8,9,0.882455503087541,22.083599345344137
1372,Crataegus_Monogyna,319.9670759912225,28951.574922986427,12,15,1.2015663959126857,32.05159652950627
1373,Eucalyptus_Urnigera,380.3882748233747,25876.730083344195,3,3,0.47961529155577065,52.255756308734824
1374,Quercus_Alnifolia,412.1496557221109,34419.43975044123,15,15,1.2931701557604105,80.34052808304673
1375,Quercus_x_Hispanica,442.3603156188148,24322.16130103108,7,6,0.3853512200274638,35.45055934082214
1377,Acer_Capillipes,349.64104541769194,26541.86503073895,9,12,0.6486039209029958,52.02668143496989
1378,Eucalyptus_Neglecta,504.18998602417895,34154.4396823386,2,3,0.31488856276091887,42.75166807672427
1379,Quercus_Shumardii,303.2066625936887,22003.262902220322,10,11,0.8165311142768893,25.560903074820327
1380,Quercus_Imbricaria,488.9255867890664,32497.40810159093,2,3,0.4049575914893236,52.9848934056182
1381,Ulmus_Bergmanniana,380.16161374743456,25555.2683393591,4,5,0.5284015663937345,50.05533158766
1384,Magnolia_Heptapeta,399.4317457464877,29934.812126280653,4,4,0.5602902067029487,64.5641518925334
1386,Cotinus_Coggygria,422.4599056319675,30992.054233325678,3,4,0.6500381318446661,67.20854146111324
1388,Quercus_Nigra,493.07194738935857,31386.200003683316,4,5,0.43741031257080587,37.98726538431153
1390,Quercus_Coccifera,725.8076483105655,97260.79118479448,12,10,2.0099552015928324,90.3589273933924
1391,Liquidambar_Styraciflua,309.4126711071016,26828.845629366606,6,7,0.8296079456351281,33.714680289692645
1392,Cytisus_Battandieri,822.6852176048386,123974.58381493515,5,4,2.329949678986639,97.32006666800409
1393,Betula_Pendula,494.9619739697315,44143.779337855056,19,19,1.6046761377317602,58.97447658985438
1394,Lithocarpus_Edulis,412.89743955164096,29719.54479540294,2,3,0.4345621786050554,49.826958075805074
1395,Sorbus_Aria,548.5257784909527,58505.94710978062,16,18,1.6067933683784876,85.015179104839
1396,Alnus_Sieboldiana,404.4771945041041,31065.665851676913,10,7,0.520940404032819,42.48391286060603
1398,Cornus_Controversa,392.1039902798217,28292.038336617294,2,3,0.6301150920816969,69.76209694437266
1399,Quercus_Rhysophylla,505.4483643635061,29200.938381271753,2,3,0.33036457863663604,44.877410098934675
1402,Quercus_Semecarpifolia,464.1534357894978,41663.372801467376,24,22,1.3381879352614008,66.24209700688334
1403,Quercus_Rhysophylla,550.451604105671,32971.60174027691,3,4,0.28669236159775746,38.41920783528968
1405,Cornus_Chinensis,440.2707046546156,31093.212809064633,2,3,0.44257112750263433,54.64170509949241
1408,Pterocarya_Stenoptera,494.32830131424316,27512.424408832398,2,3,0.28833158112776897,34.84682502565744
1410,Zelkova_Serrata,379.32749755960594,31272.029936352115,5,10,0.41549126374948064,41.093349593962124
1411,Prunus_X_Shmittii,393.15264689448554,29586.093356851583,8,15,0.571720411531921,45.96577893968767
1413,Populus_Nigra,418.4800040263194,33704.76028817286,11,12,1.2675763182238664,67.86817615964752
1414,Prunus_X_Shmittii,394.89501177607207,27659.267686892068,7,8,0.4961834416285628,40.5380829152696
1417,Acer_Pictum,267.86658416897626,20901.193165724384,6,6,0.7688474194125404,28.536235154762498
1419,Quercus_Ellipsoidalis,417.0254171708504,37267.841932582734,9,10,1.3340943355589057,34.61146192341998
1420,Viburnum_x_Rhytidophylloides,448.6609286861505,34030.1156113103,4,5,0.5156469150314574,61.5435912652833
1423,Quercus_Shumardii,273.839335247241,20024.553722434346,14,12,0.8104530725610462,23.89109888741262
1424,Quercus_Brantii,423.7100004070968,28747.92316463418,10,11,0.4549226825125206,39.56341826009013
1425,Celtis_Koraiensis,393.86335717626434,27912.884803801284,9,9,0.5527459220742218,47.57272596651307
1431,Cotinus_Coggygria,438.90012209256145,33120.65813259405,4,3,0.6055686566546689,63.69043602504387
1432,Quercus_Rubra,302.5151824341539,25458.322906058023,11,12,0.7516404647983596,22.100660711600497
1435,Alnus_Cordata,534.323775288397,56900.629642358705,13,13,1.4169763050496433,85.7743369775878
1436,Quercus_Hartwissiana,415.01034962066274,34441.75127096191,14,13,0.6235652014703604,54.849534388111735
1438,Ilex_Aquifolium,401.226155178685,28689.911631907824,13,10,0.5920311886301151,60.025001895182655
1440,Morus_Nigra,354.09482901253034,26101.179119590928,17,23,0.7815577496664248,65.41405959304078
1441,Quercus_Vulcanica,325.33671088099084,21847.64477645068,11,13,0.5492099957497357,29.474902714461848
1442,Salix_Intergra,501.44188341796945,33230.29695127635,2,3,0.331325719960278,47.62399641932678
1443,Zelkova_Serrata,373.954967718701,23652.00529723169,4,7,0.4313415116739217,40.03680133990331
1444,Viburnum_x_Rhytidophylloides,421.2195553441251,31474.014307932786,5,7,0.5242050988255513,58.807537440128954
1446,Quercus_Palustris,276.4754432845661,19210.65997328503,11,10,0.8440231304190121,21.376318606632985
1448,Ulmus_Bergmanniana,391.9585795416927,25777.88071124607,2,4,0.4660088673667886,44.72170346109322
1449,Quercus_Alnifolia,439.1743097752673,41813.001207512025,24,19,1.2721689836685113,82.02876533410101
1450,Acer_Opalus,361.7069948403693,28130.693972459525,8,10,0.9399938500285534,68.32076079133445
1452,Eucalyptus_Neglecta,472.60507098153846,32103.0886346996,2,3,0.3937546786439953,50.98419381793984
1454,Quercus_Kewensis,424.2969211080699,24504.0035430238,4,4,0.4090623340124117,39.23180335080704
1457,Quercus_Agrifolia,587.2381081981899,62165.5092023119,14,13,1.5896326276463262,91.85348528972307
1459,Quercus_Nigra,462.4778959538686,26687.823787333462,7,6,0.4759244542097144,43.54612680291489
1460,Cytisus_Battandieri,743.0952762407143,93141.27644055508,1,2,2.2187949722575757,97.43937192600312
1461,Cornus_Chinensis,420.4916827978932,34591.05328475762,2,3,0.5950897660984311,66.89197776363984
1463,Ilex_Cornuta,583.0691610283616,65467.99156877858,4,3,1.6481490833796273,104.27948179049905
1467,Acer_Platanoids,329.6629759450532,26337.7556280367,10,9,0.7193985909510348,39.117875108411695
1468,Prunus_X_Shmittii,408.896418601601,30686.05466014222,13,19,0.5399747084445693,40.6925777417424
1469,Quercus_Phellos,527.3679545540281,31279.239250003073,2,3,0.24764954829690078,35.56122136244186
1471,Cercis_Siliquastrum,394.06207048284114,38260.69345199628,16,11,0.8869503038970326,86.47819150568937
1472,Salix_Fragilis,539.7307866762362,25063.119379124248,3,2,0.2078938452019681,20.777189757238254
1473,Betula_Pendula,395.17020057977436,30091.105525921746,22,20,1.2862759941472566,66.32469772997543
1474,Viburnum_x_Rhytidophylloides,393.81854671690905,27108.651056130453,4,5,0.5264524679513622,61.176872341313434
1475,Quercus_Phellos,578.7438996239503,31749.696311522206,2,3,0.22384612154046446,33.864236294627624
1476,Quercus_Shumardii,361.1278256777931,28598.963203145824,10,9,1.282890370536763,34.15101539422698
1477,Alnus_Cordata,535.1305430086157,56024.662809744375,12,10,1.3628048780487805,90.0556727050965
1479,Quercus_Chrysolepis,440.7760219727362,29713.597177028314,2,3,0.37982174167153715,46.699960010851804
1480,Quercus_Greggii,562.9182669288292,61036.51823394285,8,7,1.7248068006182382,91.94040625303394
1482,Tilia_Oliveri,385.52420066153496,29252.33845699896,23,16,1.0924899963452228,70.36798418724683
1483,Lithocarpus_Edulis,431.2578450933696,32002.787522167855,2,3,0.3773388982982499,43.001618166494175
1488,Arundinaria_Simonii,659.6859931536355,32158.830350509506,2,2,0.1362248014660965,21.47556494155901
1491,Quercus_Phillyraeoides,953.7454079687456,151549.1690209586,2,2,2.498103666245259,106.95770912058671
1492,Quercus_x_Turneri,485.4209239856427,30814.964225818043,8,8,0.41849134553743134,37.23125126727985
1494,Quercus_Phillyraeoides,795.2742562136427,100966.5284166135,3,2,2.188822255538897,108.98726310382875
1496,Prunus_X_Shmittii,383.47800741329166,26047.550453442396,14,23,0.608720840014483,46.386872743680556
1499,Olea_Europaea,1436.0495803229057,288182.28884926985,7,7,3.8303066388806193,109.80998431708326
1500,Quercus_Texana,376.7193968641413,26072.565259163384,9,9,0.6457529160390907,27.880958958207167
1501,Ilex_Aquifolium,432.2181284309688,31062.44774078662,10,8,0.52920342995579,51.674155937945095
1502,Quercus_Cerris,439.2778587696698,25262.995622127855,6,7,0.4220418624519437,32.48947792274914
1504,Acer_Opalus,383.0133457468402,31242.938897541935,10,10,1.0680851063829788,68.87492456013062
1505,Olea_Europaea,1349.9042493956806,238320.5827640947,3,4,3.9188495120698508,103.93714430772677
1506,Acer_Circinatum,311.9760931849587,26543.41520368572,12,16,0.8587941040053191,34.0954977934169
1507,Quercus_Brantii,416.38200056670365,29002.543548365098,9,10,0.4400113789915369,39.734546550365465
1508,Quercus_Castaneifolia,493.6223718345494,31766.515140004525,5,6,0.39284461592423714,42.90067112084133
1509,Salix_Intergra,507.5662675694469,33298.24216923985,2,3,0.3319246346187709,45.00711142936763
1511,Castanea_Sativa,457.50765482300665,28720.816548840783,16,19,0.44048536463583526,32.446704432025925
1512,Acer_Platanoids,323.7219928843597,23149.363488034538,10,10,0.8006675188183496,38.039767318486334
1514,Eucalyptus_Urnigera,397.08949543901895,29473.46399813701,3,3,0.4969881030488867,53.15635440854537
1515,Quercus_x_Hispanica,434.51166623836156,30538.312580991762,3,4,0.4397749834546658,44.23415734897067
1516,Quercus_Greggii,644.3381449829473,82584.45848085097,9,11,1.8740009402914901,99.00156574604068
1518,Pterocarya_Stenoptera,506.98041474129764,32227.108394107654,2,3,0.299913507279804,36.9005868647125
1519,Acer_Mono,335.99742064716327,23017.59911663936,9,8,0.7261035971424373,39.78586938489696
1520,Acer_Rufinerve,446.0225886702187,36344.95143570711,12,15,1.1519238448666707,65.64817381215214
1521,Populus_Grandidentata,367.3912934485591,28762.8688449988,14,13,1.0553013617214677,73.32183976292451
1523,Quercus_Pyrenaica,394.48565107626604,24708.961911887556,8,9,0.6151817533856022,37.21492404569879
1524,Tilia_Oliveri,408.9349225035454,35706.429305411264,21,18,1.054023868125504,66.24086607495357
1525,Acer_Capillipes,336.0426910433909,23564.81244169214,8,14,0.6541556107164256,52.580541304166516
1527,Cornus_Controversa,398.2697903602796,29792.839282839148,2,3,0.6526889865171943,70.77297925459078
1529,Quercus_Kewensis,453.1717729205518,26116.396013982147,5,5,0.36062808201401514,35.61467036421856
1530,Quercus_Coccinea,287.2730001517516,19658.944261879613,6,7,0.8760307941550569,33.48667044370612
1531,Quercus_Shumardii,296.96862021467814,23151.47152916874,12,12,0.8557555145872443,28.199194379138373
1532,Salix_Intergra,499.85535927014035,32842.95609597523,2,3,0.361734918538089,46.97070076298859
1536,Ginkgo_Biloba,399.4728355115752,29219.110394303207,10,10,0.6966460920651446,50.492907574682526
1538,Acer_Pictum,262.8230027920191,20663.453725890187,6,6,0.7903657663114277,32.01447171127497
1539,Quercus_Coccinea,279.53741560024474,26906.314292158193,8,9,0.8690569213199496,27.072617898406868
1541,Quercus_Vulcanica,342.5893620800529,26429.239658798833,13,12,0.6164502164502165,32.537771132581454
1543,Salix_Fragilis,489.8073492746558,29772.796737754885,2,3,0.2491663957054237,22.485633985680256
1544,Tilia_Tomentosa,373.63100748566956,31020.408510424575,27,26,0.8976415503338248,60.262059674267284
1545,Populus_Grandidentata,399.67194554740314,30280.021105368156,17,15,1.2019117234371655,71.36906334743415
1547,Prunus_X_Shmittii,387.346339423383,28034.79794606264,8,14,0.5138030131498736,47.326766465128635
1548,Quercus_x_Hispanica,490.3621649579732,30746.21434958485,6,6,0.35897145163305116,35.54590737221272
1549,Quercus_Suber,662.999434003392,91406.38984874915,7,6,2.0171330668189604,90.7250224680719
1550,Alnus_Viridis,456.5594674329966,40634.96388277826,41,36,1.3018096458187898,61.51792924977298
1551,Acer_Palmatum,269.59249767889486,25166.530042211383,8,8,0.8778984242188349,19.385489546934703
1552,Quercus_Rhysophylla,526.1106121519704,32967.93317683103,2,3,0.3496210419315062,44.99141031223078
1554,Quercus_Cerris,455.9474878291686,27843.28632659107,7,7,0.3919800043468811,34.9143740140507
1555,Quercus_Texana,303.323784875222,19382.808098778583,9,8,0.7656447278966622,26.49901844883684
1556,Acer_Mono,303.6592125862905,18819.66644241768,5,5,0.6728408251788801,43.90134084957348
1557,Quercus_Vulcanica,403.45314889968876,27277.420863325016,12,12,0.6266286744112418,34.289476259180034
1559,Quercus_Nigra,494.2239067401029,34013.71357913997,3,4,0.33845004110305665,35.76401601661739
1561,Rhododendron_x_Russellianum,502.0988899470636,30151.360353136515,2,3,0.3204147285445443,44.26516479567853
1562,Acer_Capillipes,343.07891604060455,27012.53359240537,7,11,0.6525300171526587,51.97617151474275
1563,Quercus_Pubescens,446.831296004818,46933.467768037255,15,15,1.5624947469280033,46.369396773313326
1566,Alnus_Viridis,427.8078605280831,39090.92927801749,31,34,1.2536423081335322,60.76211467613517
1568,Quercus_x_Hispanica,504.1018412352848,32848.471049053354,3,5,0.36392112194774684,40.03311018305912
1569,Quercus_Suber,680.3300252391537,93215.65490653568,8,5,1.9106272770356325,95.42948853090068
1570,Viburnum_x_Rhytidophylloides,387.9141968546109,27552.886306576605,4,5,0.54835191765715,62.23867884274469
1571,Quercus_Nigra,429.89979163796374,29622.93943856142,4,4,0.3821088883329547,32.925224322215875
1572,Quercus_Phellos,579.6569611734442,28107.862557006298,2,3,0.23066730786009812,30.132483336957645
1574,Ilex_Cornuta,681.0979672157565,79401.01156656562,3,2,1.903833290455364,106.3603661168518
1575,Magnolia_Salicifolia,405.9747658811525,28949.559592747948,4,3,0.531424150824463,63.671528286621424
1578,Acer_Pictum,260.59102120279783,22371.734041317235,6,6,0.7823696038761079,28.04248315001777
1581,Alnus_Maximowiczii,416.0975912581039,33822.96911408963,17,15,0.706203664391391,51.06739976126286
1582,Quercus_Rubra,319.49432682211466,26212.95827548339,9,11,0.6968320984107367,26.827659360232975
1584,Quercus_Afares,406.75850046586487,27076.956395620247,9,10,0.5001815409193232,47.898474669493055
